1. Prepare Answer Key,1. Chuẩn bị đáp án
2. Run Auto Grading,2. Chạy chấm điểm tự động
3 responses need manual override.,3 phản hồi cần ghi đè thủ công.
3. Review Flags,3. Rà soát cờ cảnh báo
4-Option Multiple Choice,Trắc nghiệm 4 đáp án
5 mini-games available,Có sẵn 5 trò chơi nhỏ
98% Chính xác,Chính xác 98%
"<p>Dear {{ member_name }},</p>

<p>You have been enrolled in our upcoming batch {{ batch_name }}.</p>

<p>Thanks,</p>
<p>Frappe Learning</p>","<p>Kính gửi {{ member_name }},</p>

<p>Bạn đã được ghi danh vào đợt {{ batch_name }} sắp tới của chúng tôi.</p>

<p>Cảm ơn,</p>
<p>Học sinh tố</p>"
[Socratic Debug] Aborted because request_id is not in pendingRequests,[Socratic Debug] Bỏ qua vì request_id không có trong pendingRequests
[Socratic Debug] Error calling retry_analysis API,[Socratic Debug] Lỗi khi gọi retry_analysis API
[Socratic Debug] Error from server:,[Socratic Debug] Lỗi từ server:
[Socratic Debug] Payload is missing request_id,[Socratic Debug] Payload thiếu request_id
[Socratic Debug] Re-grade the paper. New Request ID:,[Socratic Debug] Chấm lại bài. Request ID mới:
[Socratic Debug] Receive payload from WebSocket:,[Socratic Debug] Nhận payload từ WebSocket:
[Socratic Debug] Refreshed conversation history,[Socratic Debug] Đã làm mới lịch sử hội thoại
[Socratic Debug] Send message. Request ID:,[Socratic Debug] Gửi tin nhắn. Request ID:
A one line introduction to the course that appears on the course card,Một dòng giới thiệu về khóa học xuất hiện trên thẻ khóa học
About,Giới thiệu
About the Course,Giới thiệu về khóa học
About this batch,Về đợt hàng này
Academic & General Training,Học thuật & Đào tạo chung
Accepted Answer,Đáp án chấp nhận
Access AI-powered learning and grading tools from one place.,Truy cập các công cụ học tập và chấm điểm được hỗ trợ bởi AI từ một nơi.
Account ID,Mã tài khoản
Account Name,Tên tài khoản
Achievements,Thành tựu
Across all graded papers,Tính trên tất cả bài đã chấm
Action,Hoạt động
Actions,hành động
Active,Tích cực
Active Members,Thành viên tích cực
activities,các hoạt động
activity,hoạt động
Add,Thêm
Add & Start Grading,Thêm và bắt đầu chấm điểm
Add a chapter,Thêm một chương
Add a course,Thêm một khóa học
Add a keyword and then press enter,Thêm từ khóa rồi nhấn enter
Add a lesson,Thêm một bài học
Add a new member,Thêm thành viên mới
Add a new question,Thêm câu hỏi mới
Add a program,Thêm chương trình
Add a programming exercise to your lesson,Thêm bài tập lập trình vào bài học của bạn
Add a quiz to your lesson,Thêm bài kiểm tra vào bài học
Add an assessment,Thêm một bài đánh giá
Add an assignment to your lesson,Thêm bài tập vào bài học
Add Chapter,Thêm chương
Add Course to Program,Thêm khóa học vào chương trình
Add courses to your batch,Thêm khóa học vào lớp
Add Criterion,Thêm tiêu chí
Add Essay Submission,Thêm bài làm tự luận
Add Evaluator,Thêm người đánh giá
Add Lesson,Thêm bài học
Add New Student,Thêm sinh viên mới
Add Question,Thêm câu
Add quiz to this video,Thêm bài kiểm tra vào video này
Add Quiz to Video,Thêm bài kiểm tra vào video
Add Row,Thêm dòng
Add Slot,Thêm vị trí
Add Student,Thêm học sinh
Add students to your batch,Thêm học viên vào lớp
Add Test Case,Thêm trường hợp thử nghiệm
Add to Notes,Thêm vào ghi chú
Add Transaction,Thêm giao dịch
Add web page to sidebar,Thêm trang web vào thanh bên
Add your comments...,Nhập lời nhận xét của bạn...
Add your first chapter,Thêm chương đầu tiên
Add your first lesson,Thêm bài học đầu tiên
Added Submissions,Danh sách bài đã thêm
Additional Instructions,Hướng dẫn bổ sung
Additional requirements,Yêu cầu bổ sung
Address,Địa chỉ
Address Line 1,Dòng địa chỉ 1
Address Line 2,Dòng địa chỉ 2
Adequate,Đủ
Admin Dashboard,Thống kê AI
Advanced,Nâng cao / Chuyên
Advanced Search,Tìm kiếm nâng cao
AI Active Model,Model AI đang sử dụng
AI Analysis,AI Phân tích
AI Analytics,Phân tích AI
AI ASSISTANT,AI TRỢ LÝ
AI can make mistakes. Please verify important information.,AI có thể mắc lỗi. Vui lòng kiểm tra lại thông tin quan trọng.
AI Configuration,Cấu hình AI
AI Feedback Summary:,Tóm tắt phản hồi từ AI:
AI Generated,AI được tạo
AI Grade,Lớp AI
AI Grading,Chấm điểm AI
AI Grading Dashboard,Bảng quản lý AI
AI Grading Help Center,Trung tâm trợ giúp chấm điểm AI
AI Grading Notes,Lưu ý cho AI khi chấm
AI Grading Result: {0},Kết quả chấm điểm AI: {0}
AI Grading...,Xếp hạng AI...
AI Hub,Trung tâm AI
AI Insights,Thông tin chi tiết về AI
AI Integration,Tích hợp AI
AI Integration Dashboard,Trang tổng quan tích hợp AI
AI is analyzing and generating the question set. You can track progress on the Dashboard.,AI đang tiến hành phân tích và tạo bộ đề. Bạn có thể theo dõi tiến độ tại Dashboard.
AI Learning Assistant,Trợ lý học tập AI
AI Notes,AI Nhận xét
AI Objective Grading,AI Chấm điểm khách quan
AI Quiz Creator,Người tạo câu đố AI
AI Rubric,Phiếu tự đánh giá AI
AI Rubric Builder,Trình tạo phiếu tự đánh giá AI
AI score breakdown with trends and suggestions for improvement.,Bảng phân tích điểm số AI với xu hướng và đề xuất cải thiện.
AI Suggested Score,AI Đề Xuất Điểm
AI suggestions generated,awaiting approval.
"AI suggestions generated, awaiting approval.","Đề xuất AI đã được tạo, đang chờ phê duyệt."
AI-assisted rubric generation with manual editing. Create detailed assessment criteria in seconds.,Tạo phiếu tự đánh giá được hỗ trợ bởi AI với tính năng chỉnh sửa thủ công. Tạo tiêu chí đánh giá chi tiết trong vài giây.
All,Tất cả
All AI grading results have been satisfactory,Tất cả kết quả chấm điểm AI đều đạt yêu cầu
All Badges,Tất cả huy hiệu
All Batches,Tất cả các lớp
All Categories,Tất cả danh mục
All Classes,Tất cả lớp học
All Courses,Tất cả khóa học
"All instances where teachers marked AI grading as ""Dissatisfied""","Toàn bộ các trường hợp giáo viên đánh giá AI chấm ""Chưa hài lòng"""
All Live Courses,Tất cả khóa học đang mở
All Live Courses ({0}),Tất cả khóa học đang mở ({0})
All Programs,Tất cả chương trình
All Rounds Complete!,Tất cả các vòng hoàn thành!
All Status,Tất cả trạng thái
All Statuses,Tất cả trạng thái
All students scored 5.0 or above!,Tất cả học sinh đều đạt từ 5.0 trở lên!
All Time,Mọi thời đại
Allow Guest Access,Cho phép khách truy cập
Allow self enrollment,Cho phép tự đăng ký
Amber,Màu vàng cam
Amount,Số tiền
Amount with GST,Số tiền bao gồm GST
An error occurred. Please try again later.,Đã xảy ra lỗi. Vui lòng thử lại sau.
An error occurred. Please try again.,Đã có lỗi xảy ra. Vui lòng thử lại.
Analytics & Export,Phân tích & Xuất
and,Và
and then 'Add to Home Screen',và sau đó 'Thêm vào màn hình chính'
Annotate,Ghi chú
Announcement,Thông báo
Announcement has been sent successfully,Đã gửi thông báo thành công
Announcement is required,Cần có nội dung thông báo
Announcements,Thông báo
Answer,Trả lời
Answer List,Danh sách Đáp án
Answer questions before time runs out,Trả lời câu hỏi trước khi hết giờ
Any specific requirements...,Mọi yêu cầu cụ thể...
Applicable For,Áp dụng cho
applicant,người xin việc
applicants,ứng viên
Application,Ứng dụng
Applications,Ứng dụng
Applied On,Áp dụng vào
Apply,Áp dụng
Apply + Analyze,Áp dụng + Phân tích
Apply for Certificate,Đăng ký nhận chứng chỉ
Apply for this job,Ứng tuyển công việc này
Apply GST for India,Áp dụng GST cho Ấn Độ
Apply rounding on equivalent,Áp dụng làm tròn số tương đương
Approve & Next,Duyệt & Tới bài tiếp
Approved,Đã duyệt
Apps,Ứng dụng
Archived,Đã lưu trữ
Are you sure you want to cancel this evaluation? This action cannot be undone.,Bạn có chắc muốn hủy lịch đánh giá này không? Hành động này không thể hoàn tác.
Are you sure you want to delete this conversation history?,Bạn có chắc chắn muốn xóa lịch sử cuộc trò chuyện này?
Are you sure you want to delete this discussion session? All messages will be lost.,Bạn có chắc chắn muốn xóa phiên thảo luận này? Toàn bộ tin nhắn sẽ bị mất.
Are you sure you want to delete this image?,Bạn có chắc chắn muốn xóa hình ảnh này?
Are you sure you want to delete this program? This action cannot be undone.,Bạn có chắc chắn muốn xóa chương trình này? Không thể hoàn tác hành động này.
Are you sure you want to delete this question set?,Bạn có chắc chắn muốn xóa bộ đề này không?
Are you sure you want to delete this question?,Bạn có chắc muốn xóa câu hỏi này?
Are you sure you want to delete this rubric?,Bạn có chắc chắn muốn xóa phiếu tự đánh giá này không?
Are you sure you want to delete this student?,Bạn có chắc chắn muốn xóa sinh viên này?
Are you sure you want to enroll?,Bạn có chắc chắn muốn đăng ký không?
Are you sure you want to login to your Frappe Cloud dashboard?,Bạn có chắc chắn muốn đăng nhập vào bảng điều khiển Frappe Cloud của mình không?
Are you sure you want to refresh this conversation?,Bạn có chắc chắn muốn làm mới cuộc hội thoại này?
Are you sure you want to sync this question set to the official LMS system?,Bạn có chắc muốn đồng bộ bộ đề này sang hệ thống LMS chính thức không?
Ask a Question,Đặt câu hỏi
Ask a question about your lesson...,Đặt câu hỏi về bài học của bạn...
Ask a question to get help from the community.,Đặt câu hỏi để nhận được sự giúp đỡ từ cộng đồng.
"Ask about lessons, deadlines, and learning strategies. The assistant gives quick guidance for students.","Hỏi về bài học, thời hạn và chiến lược học tập. Trợ lý hướng dẫn nhanh chóng cho học viên."
Ask clear questions with course and lesson context for better answers.,Đặt câu hỏi rõ ràng với bối cảnh khóa học và bài học để có câu trả lời tốt hơn.
Ask me about your lesson...,Hỏi tôi bất cứ điều gì về bài học của bạn...
Ask questions about lessons and get quick support 24/7.,Hỏi câu hỏi về bài học và nhận sự hỗ trợ nhanh 24/7.
Ask something...,Hỏi điều gì đó...
Ask study questions and get quick support for lessons and assignments.,Đặt câu hỏi học tập và nhận hỗ trợ nhanh chóng cho bài học và bài tập.
Assessment,Đánh giá
Assessment added successfully,Đã thêm bài đánh giá thành công
Assessment Content (Preview/Edit),Nội dung đánh giá (Xem trước/Chỉnh sửa)
Assessment Criteria,Tiêu chí đánh giá
Assessments,Đánh giá
Assign,Giao bài
Assign a Badge,Gán huy hiệu
Assign Badge,Gán huy hiệu
Assign For,Gán cho
Assign Game,Chỉ định trò chơi
Assign or revoke gamification badges,Chỉ định hoặc thu hồi huy hiệu gamification
Assign To,Chỉ định cho
Assigned For,Được gán cho
Assignment,Bài tập
Assignment (Bài tập),Bài tập (Bài tập)
Assignment Avg,Bài tập trung bình
Assignment created successfully,Đã tạo bài tập thành công
Assignment Progress,Tiến độ bài tập
Assignment Score,Điểm bài tập
Assignment Submission,Bài nộp bài tập
Assignment Submissions,Bài tập nộp
Assignment submitted successfully,Đã nộp bài tập thành công
Assignment updated successfully,Đã cập nhật bài tập thành công
Assignments,Bài tập
Assistant,Trợ lý
at {0} minutes,lúc {0} phút
At-risk Rate,Tỉ lệ học sinh yếu
At-Risk Students (< 5.0),Học sinh điểm thấp (< 5.0)
Attach,Đính kèm
Attendance for Class - {0},Điểm danh cho lớp - {0}
Attended for,Đã tham gia
Attitude,Thái độ
Authorize Google Calendar Access,Cho phép truy cập Lịch Google
Auto,Tự động
Auto Recording,Ghi hình tự động
Auto-evaluate MCQ submissions with confidence checks and retry signals.,Tự động chấm bài trắc nghiệm với kiểm tra độ tin cậy và tín hiệu cần chấm lại.
"Auto-evaluate MCQ submissions with confidence checks and retry signals. Fast, accurate, and transparent.","Tự động đánh giá các bài gửi MCQ bằng các tín hiệu kiểm tra độ tin cậy và thử lại. Nhanh chóng, chính xác và minh bạch."
Automate the question generation process from source documents.,Tự động hóa quy trình soạn thảo bộ đề từ tài liệu nguồn.
Automatically create exercises from source documents (PDF,DOCX) with multiple cognitive levels.
Availability updated successfully,Đã cập nhật tình trạng sẵn có thành công
Available From,Có sẵn từ
Available Slots,Khung giờ khả dụng
Available Until,Có sẵn cho đến khi
Average Completion Rate,Tỷ lệ hoàn thành trung bình
Average Feedback Received,Phản hồi trung bình nhận được
AVERAGE GPA,GPA TRUNG BÌNH
Average Progress %,% tiến độ trung bình
Average Rating,Đánh giá trung bình
Average Score,Điểm trung bình
Average Watch Time,Thời gian xem trung bình
Avg Assignment Score,Điểm bài tập trung bình
Avg Completion,Mức độ hoàn thành trung bình
Avg Quiz Score,Điểm kiểm tra trung bình
Avg Time,Thời gian trung bình
Avg. Accuracy,Độ chính xác trung bình
Awaiting Grading...,Đang chờ chấm điểm...
Back,Back
Back to Config,Quay lại cấu hình
Back to Course,Quay lại khóa học
Back to Dashboard,Quay lại Dashboard
Back to Game Center,Quay lại Trung tâm trò chơi
Badge,Huy hiệu
Badge assignment created successfully,Đã tạo thành công việc gán huy hiệu
Badge assignment updated successfully,Đã cập nhật thành công việc chỉ định huy hiệu
Badge assignments deleted successfully,Đã xóa thành công nhiệm vụ huy hiệu
Badge created successfully,Huy hiệu được tạo thành công
Badge deleted successfully,Đã xóa huy hiệu thành công
Badge Gallery,Thư viện huy hiệu
Badge Management,Quản lý huy hiệu
Badge updated successfully,Đã cập nhật huy hiệu thành công
Badges,Huy hiệu
badges,huy hiệu
Badges Earned,Huy hiệu đã kiếm được
Based on student failure rates,Dựa trên tỉ lệ làm sai của học sinh
Basic Knowledge & Memorization,Kiến thức cơ bản & Ghi nhớ
Batch,Lớp học
Batch Confirmation Email Template,Mẫu email xác nhận hàng loạt
Batch deleted successfully,Đã xóa hàng loạt thành công
Batch Details,Chi tiết lớp
Batch End Date,Ngày kết thúc lớp
Batch Enrollment,Ghi danh lớp học
Batch Enrollment Confirmation,Xác nhận ghi danh lớp học
Batch Grading,Chấm điểm hàng loạt
Batch Leaderboard,Bảng xếp hạng hàng loạt
Batch Start Date,Ngày bắt đầu hàng loạt
Batch Summary,Tổng quan lớp học
Batch upload multiple papers,Tải lên hàng loạt nhiều bài làm
Batch Workflow,Chấm hàng loạt
Batches,Lớp học
Batchs,Lớp học
BELOW AVERAGE,BÀI LÀM DƯỚI TRUNG BÌNH
Best regards,Trân trọng
Best:,Tốt nhất:
Billing Details,Chi tiết thanh toán
Billing Name,Tên thanh toán
Bio,Tiểu sử
Biology,Sinh học
Blend rubric scoring,AI suggestions
"Blend rubric scoring, AI suggestions, and instructor approval in one place.","Kết hợp việc chấm điểm theo tiêu chí đánh giá, đề xuất AI và phê duyệt của người hướng dẫn ở một nơi."
Bloom Level,Cấp độ Bloom
Brand Name,Tên thương hiệu
Branding,Xây dựng thương hiệu
Break your task into small milestones and finish a draft at least one day before the deadline.,Chia nhiệm vụ của bạn thành các cột mốc nhỏ và hoàn thành bản nháp ít nhất một ngày trước thời hạn.
British Council Assessment,Kỳ thi của Hội đồng Anh
BUS-110 / Reflection Paper / 18 submissions,BUS-110 / Bài phản ánh / 18 bài nộp
Buy this course,Mua khóa học này
Bạn chỉ cần tải lên ảnh chụp hoặc file Word/PDF chứa đáp án. AI sẽ tự động đọc danh sách đáp án từ file đó để làm căn cứ chấm bài cho học sinh.,Bạn chỉ cần tải lên ảnh chụp hoặc tệp Word/PDF chứa câu trả lời. AI sẽ tự động đọc danh sách đáp án từ file đó để làm cơ sở chấm bài cho học sinh.
Bạn có chắc chắn muốn bắt đầu chấm bài cho học sinh này?,Bạn có chắc chắn muốn bắt đầu bài viết cho học sinh này không?
Bạn có chắc chắn muốn chấm TOÀN BỘ bài làm trong phiên này?,Bạn có chắc chắn muốn chấm TOÀN BỘ bài làm trong phiên này không?
Bạn có chắc chắn muốn xóa học sinh này?,Bạn có chắc chắn muốn xóa bài học này không?
Bạn có chắc chắn muốn xóa phiên này?,Bạn có chắc chắn muốn xóa phiên bản này không?
Bạn có chắc chắn muốn xóa phiên thảo luận này?,Bạn có chắc chắn muốn xóa phiên thảo luận này không?
Bạn có chắc muốn xóa ảnh này vĩnh viễn?,Bạn có chắc chắn muốn xóa hình ảnh này vĩnh viễn?
Bắt đầu cuộc hành trình mới,Bắt đầu chương trình hành động mới
Bắt đầu phiên mới,Start new version
Calculating competencies...,Tính toán năng lực...
Camera,Máy ảnh
Camera Error,Lỗi máy ảnh
Camera is not supported on this device/browser.,Máy ảnh không được hỗ trợ trên thiết bị/trình duyệt này.
Cancel,Hủy
Cancel this evaluation?,Hủy lịch đánh giá này?
Candidate number (SBD),Mã số ứng viên (SBD)
Capture multiple pages directly,Chụp trực tiếp nhiều trang
Captured,Đã chụp
Categories,Thể loại
Category,Loại
Category added successfully,Đã thêm danh mục thành công
Category deleted successfully,Đã xóa danh mục thành công
Category Name,Tên danh mục
Category updated successfully,Danh mục được cập nhật thành công
certificate,giấy chứng nhận
Certificate / Level,Chứng chỉ / Cấp độ
Certificate of Completion,Chứng nhận hoàn thành
Certificate saved successfully,Đã lưu chứng chỉ thành công
Certificates,Chứng chỉ
certificates,giấy chứng nhận
Certificates generated successfully,Chứng chỉ được tạo thành công
Certification,Chứng nhận
Certification Email Template,Mẫu email chứng nhận
Certifications,Chứng chỉ
Certifications per day,Chứng nhận mỗi ngày
Certified,Đã được chứng nhận
Certified Members,Thành viên được chứng nhận
Challenging Questions,Câu hỏi hóc búa
Champion,Nhà vô địch
Change Focus,Đổi trọng tâm
Changes saved successfully,Lưu thay đổi thành công
Chapter,Chương
Chapter added successfully,Đã thêm chương thành công
Chapter deleted successfully,Đã xóa chương thành công
Chapter moved successfully,Đã chuyển chương thành công
Chapter updated successfully,Chương được cập nhật thành công
Chapters,chương
Chatbot,Chatbot
Check,Kiểm tra
Check All Submissions,Kiểm tra tất cả các bài nộp
Check flagged answers and low-confidence cases before publishing results.,Kiểm tra các câu trả lời được gắn cờ và các trường hợp có độ tin cậy thấp trước khi công bố kết quả.
Check Submission,Kiểm tra việc gửi
Check Submissions,Kiểm tra bài nộp
Check your ranking,Kiểm tra thứ hạng của bạn
Checkout Course,Xem khóa học
Checkout Courses,Thanh toán các khóa học
Chemistry,Hóa học
Choose a color for the course card,Chọn màu cho thẻ khóa học
Choose a quiz from the system...,Chọn một bài kiểm tra trên hệ thống...
Choose a text assignment from the system...,Chọn một bài tập tự luận trên hệ thống...
Choose all answers that apply,Chọn tất cả các câu trả lời phù hợp
Choose an existing question,Chọn một câu hỏi hiện có
Choose an icon,Chọn một biểu tượng
Choose one answer,Chọn một đáp án
Chưa có dữ liệu phiên chấm MCQ.,Không có MCQ phiên bản dữ liệu.
Chưa có phiên chấm điểm,No point point
Chấm bài,Bài viết
Chấm bài hoàn tất,Hoàn thành bài viết
Chấm bài Tập LMS,LMS tập tin chấm
Chấm bài Tự luận AI,Bài viết Tự luận AI
Chấm theo Phiên,Theo phiên bản
Chấm toàn bộ,Toàn bộ điểm
Chấm Trắc nghiệm (MCQ),Trải nghiệm chấm (MCQ)
Chấm trắc nghiệm AI,AI trải nghiệm chấm
Chấm điểm & Phê duyệt,Trình duyệt điểm & phê duyệt
Chấm điểm hàng loạt (Batch),Chấm điểm hàng loạt (Đợt)
Chế độ Chấm theo Form,Chấm điểm chế độ
Chế độ Chấm theo Ảnh đáp án,Chế độ chấm theo ảnh phản hồi
Chỉ đặt câu hỏi định hướng,không đưa ra đáp án.
Chọn lớp học cụ thể,Select lớp học cụ thể
Chờ,Chờ đợi
Chụp ảnh bài làm (viết tay hoặc đánh máy). Đảm bảo ảnh đủ sáng và không bị mờ.,Chụp ảnh bài làm (viết tay hoặc đánh máy). Đảm bảo hình ảnh đủ sáng và không bị mờ.
Chụp ảnh chính diện,không chụp nghiêng.
Chữ viết tay nên rõ ràng,tránh tẩy xóa chồng chéo quá nhiều.
City,Thành phố
Class,Lớp
Class (Lớp),Lớp
Class / ID-based submission lists,Danh sách học sinh theo SBD/Lớp
Class Competency Matrix,Class Competency Matrix (Ma trận Năng lực Lớp học)
Classes,Lớp học
Classroom,Lớp học
Clear,Xóa
Clear all,Xóa tất cả
Clear History,Xóa lịch sử
Click here,Bấm vào đây
Click to upload answer file,Nhấn để tải file đáp án
Click to upload or drag and drop,Nhấp để tải lên hoặc kéo và thả
Client ID,ID khách hàng
Client Secret,Bí mật khách hàng
Close,Đóng
Closed,Đã đóng
Cloud,Đám mây
Code,Mã
CodeBox,Hộp mã
Cognitive Level (Bloom),Mức độ nhận thức (Bloom)
Collapse,Thu gọn
Collect badges by completing achievements,Thu thập huy hiệu bằng cách hoàn thành thành tích
Collect them all!,Thu thập tất cả!
College Board English,Tiếng Anh College Board
Color,Màu sắc
Comma separated keywords for SEO,Từ khóa được phân tách bằng dấu phẩy cho SEO
Comments,Bình luận
Comments by Evaluator,Nhận xét của người chấm
Community,Cộng đồng
Company Details,Chi tiết công ty
Company Email Address,Địa chỉ Email Công ty
Company Logo,Logo công ty
Company Name,Tên công ty
Company Website,Trang web công ty
Competency Radar,Radar năng lực
Compiler Message,Thông báo trình biên dịch
Compiling...,Đang biên soạn...
Complete,Hoàn thành
complete,hoàn thành
Complete the upcoming quiz to continue watching the video. The quiz will open in {0} {1}.,Hoàn thành bài kiểm tra sắp tới để tiếp tục xem video. Bài kiểm tra sẽ mở sau {0} {1}.
Complete your {0} to access the courses.,Hãy hoàn thiện {0} để truy cập các khóa học.
Completed,Đã hoàn thành
COMPLETED,ĐÃ HOÀN THÀNH
completed,hoàn thành
Completed in {0} moves and {1},Completed in {0} moves and {1}
Completion,Hoàn thành
Completion Certificate,Chứng chỉ hoàn thành
Completion Rate,Tỷ lệ hoàn thành
Completions,Hoàn thành
Composite Score,Điểm tổng hợp
Condition,Điều kiện
Confidence,Độ tin cậy
Configuration,Cấu hình
Configurations,Cấu hình
Configured by Admin in LMS Desk.,Được cấu hình bởi Admin trên Frappe Desk.
Confirm,Xác nhận
Confirm Enrollment,Xác nhận đăng ký
Confirm Your Action,Xác nhận hành động của bạn
Confirm your action to delete,Xác nhận hành động xóa của bạn
Congratulations!,Chúc mừng!
Contact Information,Thông tin liên hệ
Contact the Administrator to enroll for this course,Liên hệ với Quản trị viên để đăng ký khóa học này
Contact the Administrator to enroll for this course.,Hãy liên hệ với Quản trị viên để đăng ký khóa học này.
Contact Us,Liên hệ
Content,Nội dung
Continue Learning,Tiếp tục học
Continuous assessment and competency tracking,Đánh giá liên tục và theo dõi năng lực
Contract,Hợp đồng
Conversation,Cuộc hội thoại
Correct,Đúng
Correct Answer,Đáp án đúng
Correct order in {0}/{1} rounds,Correct order in {0}/{1} rounds
"Correctly noted ""two distinct roots"" but missing S = {1; 3/2}","Kết luận ""có 2 nghiệm phân biệt"" đúng nhưng chưa có tập S"
Country,Quốc gia
Coupon Code,Mã giảm giá
Coupon created successfully,Phiếu giảm giá được tạo thành công
Coupon deleted successfully,Đã xóa phiếu giảm giá thành công
Coupon Details,Chi tiết phiếu giảm giá
Coupon(s) deleted successfully,(Các) phiếu giảm giá đã được xóa thành công
Coupons,Phiếu giảm giá
course,khóa học
Course,Khóa học
Course & Lesson,Khóa học & Bài học
Course (Khoá học),Khóa học (Khoá học)
Course added to program successfully,Khóa học được thêm vào chương trình thành công
Course already added to program,Khóa học đã được thêm vào chương trình
Course Completion,Hoàn thành khóa học
Course Completions,Hoàn thành khóa học
Course created successfully,Khóa học được tạo thành công
Course Creator,Người tạo khóa học
Course Creators,Người tạo khóa học
Course deleted successfully,Khóa học đã được xóa thành công
Course Description,Mô tả khóa học
Course Enrollment,Đăng ký khóa học
Course Enrollments,Đăng ký khóa học
Course Image,Hình ảnh khóa học
Course List,Danh sách khóa học
Course Outline,Đề cương khóa học
Course Progress,Tiến độ khóa học
Course updated successfully,Khóa học được cập nhật thành công
Courses,Khóa học
courses,các khóa học
Courses Created,Khóa học đã tạo
Courses deleted successfully,Khóa học đã được xóa thành công
Courses Done,Khóa học đã hoàn thành
Courses in this Batch,Khóa học trong Batch này
Courses in this Program,Các khóa học trong chương trình này
Courses Mentored,Khóa học đã cố vấn
Courses must be completed in order. You can only start the next course after completing the previous one.,Các khóa học phải được hoàn thành theo thứ tự. Bạn chỉ có thể bắt đầu khóa học tiếp theo sau khi hoàn thành khóa học trước đó.
Cover Image,Ảnh bìa
Create,Tạo
Create & manage grading sessions,Tạo và quản lý các phiên chấm bài
Create & Open,Tạo & Bắt đầu
Create a batch,Tạo lớp
Create a course,Tạo khóa học
Create a Live Class,Tạo lớp học trực tiếp
Create a live class,Tạo lớp học trực tiếp
Create a new Badge,Tạo Huy hiệu mới
Create a Quiz,Tạo một câu đố
Create an Assignment,Tạo một bài tập
Create Assessment Assignment,Tạo bài tập đánh giá
Create Course,Tạo khóa học
Create Essay Grading Session,Tạo phiên chấm tự luận
Create for me 3 multiple choice review questions,Tạo cho tớ 3 câu hỏi trắc nghiệm ôn tập
Create Grading Session,Tạo phiên chấm
Create Lesson,Tạo bài học
Create Lesson Plan Now,Soạn Giáo Án Ngay
Create New,Tạo mới
Create New Lesson Plan,Soạn Giáo Án Mới
Create New Rubric,Tạo phiếu tự đánh giá mới
Create new session,Tạo phiên mới
Create New Session,Tạo Phiên Chấm Bài Mới
Create new test,Tạo đề mới
Create now,Tạo ngay
Create Program,Tạo chương trình
Create Programming Exercise,Tạo bài tập lập trình
Create Session,Tạo phiên chấm
Create Session & Start,Tạo Phiên & Bắt đầu
Create smart teaching plans with the help of AI.,Tạo kế hoạch giảng dạy thông minh với sự hỗ trợ của AI.
Create your first batch,Tạo đợt đầu tiên của bạn
Create your first course,Tạo khóa học đầu tiên của bạn
Create your first quiz,Tạo bài kiểm tra đầu tiên của bạn
Created,Tạo
Creating a batch,Tạo một lớp
Creating a course,Tạo một khóa học
Creative,Sáng tạo
Creator,Người tạo
Criteria,Tiêu chuẩn
Currency,Tiền tệ
Current file:,Tập tin hiện tại:
Current Focus,Nội dung tập trung
Current language:,Ngôn ngữ hiện tại:
Current Learning Streak,Quá trình học tập hiện tại
Current Streak,Chuỗi hiện tại
Custom Certificate Templates,Mẫu chứng chỉ tùy chỉnh
Customize,Tùy chỉnh
Customize parameters so AI can generate the most suitable question set.,Tùy chỉnh các thông số để AI tạo ra bộ đề phù hợp nhất.
Cyan,Lam
Công cụ cho Giáo viên,Công cụ dành cho giáo viên
Công cụ cho Học sinh,Công cụ học sinh
Cần sửa,Cần chỉnh sửa
Dashboard,Trang tổng quan
Dashboard for score trends,performance highlights
"Dashboard for score trends, performance highlights, and AI-based recommendations.","Trang tổng quan về xu hướng điểm số, điểm nổi bật về hiệu suất và đề xuất dựa trên AI."
Data Import,Nhập dữ liệu
Data Source,Nguồn dữ liệu
DATA UPDATED,DỮ LIỆU ĐÃ CẬP NHẬT
Date,Ngày
Date and Time,Ngày và Giờ
Date Created,Ngày tạo
Date Issued,Ngày phát hành
Day,Ngày
day streak,vệt ngày
Day Streak,Chuỗi ngày
days,ngày
"Dear {{ member_name }},

You have been enrolled in our upcoming batch {{ batch_name }}.

Thanks,
Frappe Learning","Kính gửi {{ member_name }},

Bạn đã được ghi danh vào đợt {{ batch_name }} sắp tới của chúng tôi.

Cảm ơn,
Học sinh tố"
Default Currency,Tiền tệ mặc định
Definition and formula are accurate,Công thức và định nghĩa chính xác
Delete,Xóa
Delete Chapter,Xóa chương
Delete Course,Xóa khóa học
Delete Program,Xóa chương trình
Delete question,Xóa câu hỏi
Delete Template,Xóa mẫu
Delete this chapter?,Xóa chương này?
Delete this coupon?,Xóa phiếu giảm giá này?
Delete this grading session? All submissions in this session will also be deleted.,Xóa phiên chấm điểm này? Tất cả các bài nộp trong phiên này cũng sẽ bị xóa.
Delete this lesson?,Xóa bài học này?
Deleted image,Hình ảnh đã bị xóa
Deleting the course will also delete all its chapters and lessons. Are you sure you want to delete this course?,Xóa khóa học cũng sẽ xóa tất cả các chương và bài học của nó. Bạn có chắc chắn muốn xóa khóa học này?
"Deleting these exercises will permanently remove them from the system, along with all associated submissions. This action is irreversible. Are you sure you want to proceed?","Xóa các bài tập này sẽ xóa vĩnh viễn chúng khỏi hệ thống, cùng với tất cả các bài nộp liên quan. Hành động này là không thể đảo ngược. Bạn có chắc chắn muốn tiếp tục không?"
"Deleting this batch will also delete all its data including enrolled students, linked courses, assessments, feedback and discussions. Are you sure you want to continue?","Xóa đợt này cũng sẽ xóa tất cả dữ liệu của nó bao gồm số sinh viên đã đăng ký, các khóa học được liên kết, đánh giá, phản hồi và thảo luận. Bạn có chắc chắn muốn tiếp tục không?"
Deleting this chapter will also delete all its lessons and permanently remove it from the course. This action cannot be undone. Are you sure you want to continue?,Xóa chương này cũng sẽ xóa tất cả các bài học trong đó và xóa vĩnh viễn khỏi khóa học. Không thể hoàn tác hành động này. Bạn có chắc chắn muốn tiếp tục không?
Deleting this lesson will permanently remove it from the course. This action cannot be undone. Are you sure you want to continue?,Xóa bài học này sẽ xóa vĩnh viễn nó khỏi khóa học. Không thể hoàn tác hành động này. Bạn có chắc chắn muốn tiếp tục không?
Description,Mô tả
designed as a learning path to guide your progress. You may take the courses in any order that suits you.,được thiết kế như một lộ trình học tập để định hướng tiến độ của bạn. Bạn có thể học các khóa theo bất kỳ thứ tự nào phù hợp với mình.
"designed as a structured learning path to guide your progress. Courses in this program must be taken in order, and each course will unlock as you complete the previous one.",được thiết kế như một lộ trình học tập có cấu trúc để hướng dẫn sự tiến bộ của bạn. Các khóa học trong chương trình này phải được thực hiện theo thứ tự và mỗi khóa học sẽ mở khóa khi bạn hoàn thành khóa học trước đó.
Desk,Bàn làm việc
Detailed Data from AI,Dữ liệu chi tiết từ AI
Detailed Dissatisfaction Feedback,Chi tiết các phản hồi chưa hài lòng
Detailed insights and performance analysis for this session.,Thông tin chi tiết và phân tích hiệu suất cho phiên này.
Detailed per-question feedback,Nhận xét chi tiết cho từng câu
Details,Chi tiết
Disable PWA,Vô hiệu hóa PWA
Disable Self Enrollment,Tắt tính năng tự đăng ký
Disable signup,Tắt đăng ký
Disabled,Đã tắt
Discard,Hủy thay đổi
Discount,Giảm giá
Discount Amount,Số tiền giảm
Discount Percentage,Phần trăm giảm
Discount Type,Loại giảm giá
Discussion Setup,Thiết lập thảo luận
Discussions,Thảo luận
Display name in this session,Tên hiển thị trong phiên này
Dissatisfied,Chưa hài lòng
Document,Tài liệu
Document Name,Tên tài liệu
Document Type,Loại tài liệu
Documents,Tài liệu
Don't have an account?,Bạn chưa có tài khoản?
Download,Tải xuống
Drag & Drop,Kéo và thả
Drag & drop or click to upload,Kéo thả hoặc nhấn để tải lên
Drag & Drop Sort,Kéo và thả Sắp xếp
Drag and drop document here,Kéo thả tài liệu vào đây
Drop items here in order,Thả các mục vào đây theo thứ tự
Duration,Thời lượng
Duration (in minutes),Thời lượng (tính bằng phút)
Duration (minutes),Thời lượng (phút)
Duration (Minutes),Thời lượng (Phút)
Duration of the live class in minutes,Thời lượng của lớp học trực tiếp tính bằng phút
Duration: 90 min · Date: 15/11/2024,Thời gian: 90 phút · Ngày: 15/11/2024
Dành cho chấm điểm thủ công hoặc các cấu trúc đề thi tùy chỉnh không qua hình ảnh.,Phân loại cho công cụ điểm hoặc các cấu trúc cấu hình không có hình ảnh tùy chọn.
Dẫn chứng tốt,Chứng từ tốt
Dữ liệu đã được đồng bộ tự động.,Dữ liệu đã được tự động đồng bộ.
e.g.,Students can solve quadratic equations
e.g. 120145,VD: 120145
"e.g. 12A1, 12A2","VD: 12A1, 12A2"
e.g. 12A1-023,ví dụ. 12A1-023
e.g. IST,UTC
"e.g. IST, UTC, GMT...","ví dụ. IST, UTC, GMT..."
e.g. Midterm II — 2024–2025,VD: Khảo sát Giữa kỳ I - 2024
e.g. Nguyen Van A,VD: Nguyễn Văn A
Each criterion is scored independently before AI summary generation.,Mỗi tiêu chí được chấm độc lập trước khi tạo phần tổng kết AI.
Earn XP & level up,Kiếm XP và tăng cấp
earned,đã đạt
Earned,Đã đạt
Edit,Chỉnh sửa
Edit Assignment,Chỉnh sửa bài tập
Edit Badge,Chỉnh sửa huy hiệu
Edit Badge Assignment,Chỉnh sửa việc gán huy hiệu
Edit Chapter,Chỉnh sửa chương
Edit Coupon,Chỉnh sửa phiếu giảm giá
Edit Email Template,Chỉnh sửa mẫu email
Edit Job,Chỉnh sửa công việc
Edit Lesson,Chỉnh sửa bài học
Edit Payment Gateway,Chỉnh sửa Cổng thanh toán
Edit Profile,Chỉnh sửa hồ sơ
Edit Program,Chỉnh sửa chương trình
Edit Programming Exercise,Chỉnh sửa bài tập lập trình
Edit Question,Chỉnh sửa câu hỏi
Edit Session,Chỉnh sửa phiên
Edit Student Info,Chỉnh sửa thông tin sinh viên
Edit Template,Chỉnh sửa mẫu
Edit the question,Chỉnh sửa câu hỏi
Edit Zoom Account,Chỉnh sửa tài khoản Zoom
Education Level,Trình độ học vấn
Email,Email
Email ID,Email
Email sent successfully,Email đã được gửi thành công
Email sent successfully!,Đã gửi email thành công!
Email Template,Mẫu email
Email Template created successfully,Mẫu email được tạo thành công
Email Template updated successfully,Mẫu email được cập nhật thành công
Email Templates,Mẫu email
Email Templates deleted successfully,Mẫu email đã được xóa thành công
Empty archive,Kho lưu trữ trống
Enable Negative Marking,Bật đánh dấu phủ định
Enable this only if you want to upload a SCORM package as a chapter.,Chỉ kích hoạt tính năng này nếu bạn muốn tải lên gói SCORM dưới dạng chương.
Enabled,Đã bật
Enabling this will publish the certificate on the certified participants page.,Việc kích hoạt tính năng này sẽ xuất bản chứng chỉ trên trang người tham gia được chứng nhận.
End of list,Cuối danh sách
End Time,Thời gian kết thúc
Ended,Đã kết thúc
Enforce Course Order,Thực thi thứ tự khóa học
ENG-302 / Midterm Essay / 24 submissions,ENG-302 / Bài luận giữa kỳ / 24 bài nộp
English,Tiếng Anh
Enroll,Tham gia
Enroll a Student,Ghi danh một sinh viên
Enroll Member to Program,Đăng ký thành viên vào chương trình
Enroll Now,Ghi danh ngay
Enrolled,Đã ghi danh
Enrolled Students,Học viên đã ghi danh
Enrollment for Program {0},Đăng ký chương trình {0}
Enrollments,tuyển sinh
Enrollments per day,Số đăng ký mỗi ngày
Enter a Coupon Code,Nhập mã giảm giá
Enter a URL,Nhập một URL
Enter class name,Nhập tên lớp
Enter email subject,Nhập chủ đề email
Enter grading session name,Nhập tên phiên chấm
Enter keyword to start,Nhập từ khóa để bắt đầu
Enter level,Nhập cấp độ
Enter notes for this session...,Nhập ghi chú cho phiên này...
Enter reply to email,Nhập trả lời email
Enter session name,Nhập tên phiên
Enter specific instructions,deductions
"Enter specific instructions, deductions, focal points for AI to evaluate...","Nhập các hướng dẫn cụ thể, điểm cần trừ, hoặc barem chi tiết để AI đánh giá..."
Enter student name,Nhập tên học sinh
Enter subject,Nhập chủ đề
Enter your answer or question...,Nhập câu trả lời hoặc thắc mắc của bạn...
Equation has,Phương trình có
equation has no real roots.,phương trình vô nghiệm.
Error creating badge,Lỗi tạo huy hiệu
Error creating email template,Lỗi tạo mẫu email
Error creating Zoom Account,Lỗi tạo tài khoản Zoom
Error deleting badge,Lỗi xóa huy hiệu
Error deleting email templates,Lỗi xóa mẫu email
Error saving scores:,Lỗi lưu điểm:
Error updating email template,Lỗi cập nhật mẫu email
Error updating Zoom Account,Lỗi cập nhật tài khoản Zoom
Error: no-solution condition should be Δ < 0,Lỗi sai: điều kiện vô nghiệm phải là Δ < 0
Essay,Tự luận
Essay Grading Workspace,Không gian làm việc chấm tự luận
Evaluate all attempts and generate confidence scores.,Đánh giá toàn bộ lượt làm và tạo điểm độ tin cậy.
evaluation,đánh giá
Evaluation,Sự đánh giá
Evaluation + Creativity,Đánh giá + Sáng tạo
Evaluation Criteria,Tiêu chí đánh giá
Evaluation End Date,Ngày kết thúc đánh giá
Evaluation On:,Đánh giá vào:
Evaluation saved successfully,Đã lưu đánh giá thành công
evaluations,đánh giá
Evaluations,Đánh giá
Evaluator,Người đánh giá
Evaluator added successfully,Người đánh giá đã được thêm thành công
Evaluator deleted successfully,Người đánh giá đã được xóa thành công
Evaluators,Người đánh giá
Event,Sự kiện
Exact AI,Chính xác AI
Exam Grading,Chấm thi
Exam Prep,Ôn thi chứng chỉ
Exam requires session,Bài thi yêu cầu tạo phiên
Exam Setup,Thiết lập Đề thi
Example: 12A1,Ví dụ: 12A1
Example: 15-min Math Test,Ví dụ: Kiểm tra 15p Toán
Example: Final exam in History subject,Ví dụ: Kiểm tra cuối kỳ môn Lịch sử
Example: Focus on chapter 2 knowledge,practical questions...
"Example: Grade 10, Grade 12","Ví dụ: Lớp 10, Lớp 12"
Example: IST (+5:30),Ví dụ: IST (+5:30)
Example: Law of Universal Gravitation,Ví dụ: Định luật Vạn vật hấp dẫn
Example: Midterm Math Exam,Ví dụ: Kiểm tra giữa kỳ Toán
"Example: Physics, Math, History...","Ví dụ: Vật lý, Toán học, Lịch sử..."
Excellence Rate,Tỉ lệ điểm giỏi
Excellent,Giỏi
Excellent learning performance.,Hiệu suất học tập xuất sắc.
EXCELLENT WORK,BÀI LÀM ĐẠT ĐIỂM GIỎI
Exercise,Bài tập
Exercise deleted successfully,Bài tập đã được xóa thành công
Exit Session,Thoát phiên chấm
Expand,Mở rộng
Expected Answer,Đáp án mong đợi
Expected Output,Sản lượng dự kiến
Expires On,Hết hạn vào
Expiry Date,Ngày hết hạn
Explain the most difficult concept in this article,Giải thích khái niệm khó nhất trong bài này
Explanation,Giải thích
Export CSV,Xuất CSV
Export format,Định dạng xuất file
Export Grades,Export Grades
Export PDF reports & LMS sync,Xuất báo cáo PDF & đồng bộ LMS
Export to Excel,Xuất Excel
Export Word,Xuất từ
Exporting...,Đang xuất...
Extracting content...,Đang trích xuất nội dung...
Fail,Không đạt
fail,làm sai
Failed,Thất bại
Failed to create badge assignment:,Không tạo được huy hiệu:
Failed to enroll in program: {0},Không đăng ký được chương trình: {0}
Failed to send email,Không gửi được email
Failed to submit. Please try again. {0},Không thể gửi. Vui lòng thử lại. {0}
Failed to update badge assignment:,Không cập nhật được việc gán huy hiệu:
Failed to update language. Please try refreshing the page.,Không thể cập nhật ngôn ngữ. Hãy thử làm mới trang.
Failed to update meta tags {0},Không cập nhật được thẻ meta {0}
Fast setup,clean review
"Fast setup, clean review, better grading consistency.","Thiết lập nhanh, đánh giá rõ ràng, tính nhất quán chấm điểm tốt hơn."
Favicon,Biểu tượng yêu thích
Featured,Nổi bật
Feedback,Phản hồi
Feedback Quality,Chất lượng phản hồi
Feel free to make edits to your submission if needed.,Vui lòng chỉnh sửa nội dung gửi của bạn nếu cần.
File,Tài liệu
Files,Tập tin
Fill in the blank,Điền vào chỗ trống
Filter assignments by course,Lọc bài tập theo khóa học
Filter by Billing Name,Lọc theo tên thanh toán
Filter by Exercise,Lọc theo bài tập
Filter by Member,Lọc theo thành viên
Filter by Status,Lọc theo trạng thái
Final (40%),Cuối cùng (40%)
Final Score:,Điểm cuối cùng:
Find lessons...,Tìm bài học...
First Name,Tên
Flag,Lá cờ
Flagged Answers,Câu trả lời bị gắn cờ
Flip cards and match pairs to test your memory,Lật thẻ và ghép các cặp để kiểm tra trí nhớ của bạn
"Focus on key concepts, practice with short quizzes daily, and review incorrect answers before retrying.","Tập trung vào các khái niệm chính, luyện tập với các câu đố ngắn hàng ngày và xem lại các câu trả lời sai trước khi thử lại."
Forgot Password?,Quên mật khẩu?
Freelance,Làm tự do
Friday,Thứ sáu
From,Từ
Full Name,Tên đầy đủ
Full Time,Toàn thời gian
Game Center,Trung tâm trò chơi
Game Over!,Trò chơi kết thúc!
Games,Trò chơi
games available,trò chơi có sẵn
Gamified Assessment,Đánh giá bằng trò chơi
Gateway,Cổng thanh toán
Gateways,Cổng
General,Tổng quan
General Discussion,Thảo luận chung
General Discussion Session,Phiên thảo luận chung
General Knowledge,Kiến thức chung
Generate,Tạo
Generate Certificates,Tạo chứng chỉ
Generate Draft Feedback,Tạo phản hồi nháp
Generate Lesson Plan with AI,Tạo kế hoạch bài học bằng AI
Generate Plan,Tạo kế hoạch
Generate Rubric,Tạo phiếu tự đánh giá
Generate Rubric with AI,Tạo phiếu tự đánh giá bằng AI
Generate with AI,Tạo bằng AI
Generate your first assessment rubric using AI or create one manually.,Tạo phiếu tự đánh giá đầu tiên của bạn bằng AI hoặc tạo phiếu tự đánh giá theo cách thủ công.
Generate your first lesson plan with AI or create manually.,Tạo giáo án đầu tiên của bạn bằng AI hoặc tạo thủ công.
Generating...,Đang tạo...
Geography,Địa lý
Get Certificate,Nhận chứng chỉ
Get Certified,Nhận chứng chỉ
Get the app on your device for easy access & a better experience!,Tải ứng dụng trên thiết bị của bạn để dễ dàng truy cập và trải nghiệm tốt hơn!
Get the app on your iPhone for easy access & a better experience,Tải ứng dụng trên iPhone của bạn để dễ dàng truy cập và trải nghiệm tốt hơn
GitHub ID,ID GitHub
Global Ranking,Xếp hạng toàn cầu
Good,Tốt
GOOD PERFORMANCE,THÀNH TÍCH TỐT
Good understanding of the process. Need to write full solution set and pay attention to the no-solution condition sign.,Em hiểu bài khá tốt. Cần lưu ý ghi đầy đủ tập kết luận và nhớ kỹ dấu của các trường hợp biện luận nhé.
GPA,GPA
Grade,Điểm
Grade 1,Lớp 1
Grade 10,Lớp 10
Grade 11,Lớp 11
Grade 12,Lớp 12
"Grade 15–45 minute tests. Upload in batch, AI grades automatically and returns insights instantly.","Tải bài lên hàng loạt, AI tự động chấm và trả kết quả phân tích tức thì."
Grade 1–12 school English,Tiếng Anh lớp 1–12
Grade 2,Lớp 2
Grade 3,Lớp 3
Grade 4,Lớp 4
Grade 5,Lớp 5
Grade 6,Lớp 6
Grade 7,Lớp 7
Grade 8,Lớp 8
Grade 9,Lớp 9
Grade All,Chấm tất cả bài
"Grade all MCQ submissions in one go. Fast, reliable, and scalable for large classes.","Chấm điểm tất cả bài nộp MCQ trong một lần. Nhanh chóng, đáng tin cậy và có thể mở rộng cho các lớp học lớn."
Grade Block,Khối
Grade Document,Chấm bài này
Grade Exams,Chấm bài kiểm tra
Grade Homework,Chấm Bài Tập Về Nhà
"Grade homework and practice assignments. Provide detailed, encouraging feedback efficiently in batches.",Chấm bài tập về nhà. Cung cấp nhận xét chi tiết và mang tính xây dựng cho học sinh.
Grade Level,Khối lớp
"Grade official exams with session management. Create sessions, track progress and export results.",Chấm bài thi chính thức với quản lý theo phiên. Theo dõi tiến độ và xuất kết quả chi tiết.
Grade Quick Tests,Chấm nhanh bài tập
Grade Tests,Chấm bài kiểm tra
Gradebook,Sổ điểm
Gradebook Dashboard,Bảng điều khiển sổ điểm
Gradebook Overview,Gradebook Overview (Bảng điểm)
Graded,Đã chấm
Graded today,Đã chấm hôm nay
Graded Today,Đã chấm điểm hôm nay
Grades,Điểm
Grades & Competencies,Bảng điểm & Năng lực (Grades)
Grading,Chấm điểm
Grading Criteria,Tiêu Chí Chấm
Grading Guide & Support,Hướng Dẫn & Hỗ Trợ Chấm
Grading Guide / Rubric,Hướng dẫn chấm / Rubric
Grading in progress...,Đang tiến hành chấm!
Grading Progress,Tiến độ chấm điểm
Grading Scale,Thang điểm
Grading Session,Phiên chấm điểm
Grading Session Name,Tên bài chấm
Grading Sessions,Các phiên chấm bài
Grading...,Đang chấm điểm...
GradingBook,GradingBook
Grant Only Once,Chỉ cấp một lần
Great job! Keep up the good work! \u{1F31F},Làm tốt lắm! Hãy tiếp tục làm tốt công việc của mình nhé! \u{1F31F}
Great performance. Your average score is in the high band.,Hiệu suất tuyệt vời. Điểm trung bình của bạn ở mức cao.
"Great question. Include your course name, lesson topic, and where you are stuck so I can help with a more targeted answer.","Câu hỏi hay. Hãy bao gồm tên khóa học, chủ đề bài học và điểm bạn gặp khó khăn để tôi có thể giúp đưa ra câu trả lời có mục tiêu hơn."
GST Amount,Số tiền GST
GST Number,Số GST
GSTIN,GSTIN
Have a doubt?,Bạn có thắc mắc?
Headline,Dòng tiêu đề
"Hello {0},","Chào {0},"
Hello! I am your AI learning assistant. What would you like to discuss today?,Chào bạn! Tôi là trợ lý AI học tập. Hôm nay bạn muốn thảo luận về nội dung gì?
"Hello! I am your smart learning assistant. Ask me anything about studying, assignments, or exam preparation.","Xin chào! Tôi là trợ lý học tập thông minh của bạn. Hỏi tôi bất cứ điều gì về việc học, bài tập hoặc luyện thi."
Help,Trợ giúp
Help us improve by providing your feedback.,Hãy giúp chúng tôi cải thiện bằng cách cung cấp phản hồi của bạn.
Help us improve our course material.,Hãy giúp chúng tôi cải thiện nội dung khóa học.
Help us understand your needs,Hãy giúp chúng tôi hiểu nhu cầu của bạn
Hey,Chào
"Hey, my name is","Xin chào, tên tôi là"
High,Cao
High Scores (>=8),Điểm cao (>=8)
High Scores (≥8),Điểm cao (≥8)
Highlight,Điểm nổi bật
Hint ({0}),Gợi ý ({0})
Hiring,tuyển dụng
History,Lịch sử
HISTORY,LỊCH SỬ
History:,Lịch sử:
Home,Trang chủ
Homework & Assignments,Bài tập về nhà
Hours Spent,Số giờ đã sử dụng
Hours Spent Learning,Số giờ dành cho việc học
How to add a Quiz?,Làm cách nào để thêm Câu đố?
How to add a YouTube Video?,Làm cách nào để thêm Video YouTube?
How to remove an embed?,Làm thế nào để loại bỏ một nhúng?
How to upload content from your system?,Làm cách nào để tải lên nội dung từ hệ thống của bạn?
Human review gate & audit trail,Kiểm duyệt lại bởi giáo viên
Hybrid,lai
Hãy bắt đầu bài học đầu tiên hoặc thử tìm kiếm với từ khóa khác.,Hãy bắt đầu bài học đầu tiên hoặc thử tìm kiếm các từ khóa khác.
Hãy tạo phiên mới để bắt đầu chấm bài bằng AI,Vui lòng tạo phiên bản mới để bắt đầu bài viết bằng AI
Hướng dẫn & Quy trình,Hướng dẫn & quy trình
Hướng dẫn chi tiết cách sử dụng hệ thống chấm điểm thông minh bằng trí tuệ nhân tạo (AI).,Hướng dẫn chi tiết cách sử dụng hệ thống chấm thông minh bằng trí tuệ nhân tạo (AI).
Hướng dẫn Chấm Trắc nghiệm,Trắc nghiệm hướng dẫn
Hướng dẫn Chấm Tự luận,Hướng dẫn Tự luận
Hệ thống AI Grading sử dụng các mô hình ngôn ngữ lớn (LLM) tiên tiến nhất hiện nay để phân tích hình ảnh,nhận diện chữ viết và chấm điểm dựa trên tiêu chí bạn cung cấp.
Hệ thống Socratic Tutor không chỉ đưa ra đáp án,chúng tôi giúp bạn tự tìm ra câu trả lời bằng cách gợi mở và phân tích sâu sắc.
Hệ thống Tomosa AI,Tomosa AI System System
Hệ thống tích hợp các công cụ AI tiên tiến nhất để hỗ trợ giáo viên trong việc giảng dạy và giúp học sinh khai phá tiềm năng bản thân.,Hệ thống tích hợp các công cụ AI tiên tiến nhất để hỗ trợ giáo viên trong công việc giảng dạy và giúp học sinh khai phá tiềm năng bản thân.
Học tập thông minh hơn với AI.,Học tập thông tin hơn với AI.
Hỏi đáp tổng hợp,Hỏi tổng hợp câu trả lời
Hỗ trợ .doc,.docx
Hỗ trợ PDF,DOCX
Hỗ trợ: PDF,DOCX (Tối đa 10MB)
I am unavailable,tôi không rảnh
I consent to my personal information being stored for invoicing,Tôi đồng ý lưu trữ thông tin cá nhân của tôi để lập hoá đơn
Icon,Biểu tượng
ID,NHẬN DẠNG
Identify User Category,Xác định danh mục người dùng
If Include in Preview is enabled for a lesson then the lesson will also be accessible to non logged in users.,Nếu tính năng Bao gồm trong Bản xem trước được bật cho một bài học thì người dùng chưa đăng nhập cũng sẽ có thể truy cập được bài học đó.
"If you answer incorrectly, {0} {1} will be deducted from your score for each incorrect answer.","Nếu bạn trả lời sai, {0} {1} sẽ bị trừ điểm cho mỗi câu trả lời sai."
"If you don't have an answer file, enter answers manually (A, B, C...). You should upload a ""Sample Answer Sheet Image"" for better AI recognition.","Nếu bạn không có file đáp án sẵn, hãy nhập thủ công đáp án cho từng câu (A, B, C...). Bạn nên tải lên thêm một ""Ảnh mẫu tờ bài làm"" để AI nhận diện vị trí các ô khoanh tốt hơn."
"If you fail to do so, the quiz will be automatically submitted when the timer ends.","Nếu bạn không làm như vậy, bài kiểm tra sẽ tự động được gửi khi hết giờ."
Image,Hình ảnh
Image Added,Đã thêm ảnh
Image Inputs,Đầu vào hình ảnh
Image search powered by,Tìm kiếm hình ảnh được cung cấp bởi
Images,Hình ảnh
Import,Nhập khẩu
Import Batch,Nhập lớp học
Import Course,Nhập Khóa học
Import Questions,Nhập câu hỏi
Improvement area: Build a consistent study rhythm with 3 focused sessions each week.,Lĩnh vực cải thiện: Xây dựng nhịp độ học tập nhất quán với 3 buổi học tập trung mỗi tuần.
Improvement area: Core concepts and basic practice need reinforcement this week.,Lĩnh vực cần cải thiện: Các khái niệm cốt lõi và thực hành cơ bản cần được củng cố trong tuần này.
Improvement area: Focus on topics where your score dropped below 7.,Lĩnh vực cần cải thiện: Tập trung vào các chủ đề mà điểm của bạn giảm xuống dưới 7.
Improvement area: Keep depth in explanation to maintain stable high scores.,Lĩnh vực cần cải thiện: Duy trì chiều sâu trong phần giải thích để duy trì điểm cao ổn định.
In Progress,Đang tiến hành
in the last,cuối cùng
Incorrect,Không đúng
Inferring and analyzing...,Đang suy luận và phân tích...
Information sent to AI,Thông tin được gửi cho AI
Input,đầu vào
Insights,Thông tin chi tiết
Inspect low-confidence rows before final publishing.,Kiểm tra các dòng có độ tin cậy thấp trước khi công bố cuối cùng.
Install,Cài đặt
Install Frappe Learning,Cài đặt Frappe Learning
Instructor,Giảng viên
Instructor Notes,Ghi chú của người hướng dẫn
Instructors,Giảng viên
Instructor Dashboard, Bảng điều khiển giảng viên
Interest,Mối quan tâm
Internet-Based Test (iBT),Internet-Based Test (iBT)
Introduction,Giới thiệu
Invite your team and students,Mời nhóm và sinh viên của bạn
Issue a Certificate,Cấp giấy chứng nhận
Issue Date,Ngày phát hành
Issued On,Ngày phát hành
Issued on,Phát hành vào ngày
JavaScript,JavaScript   
Job,Công việc
Job Details,Chi tiết công việc
Job Openings,Cơ hội việc làm
Jobs,Công việc
Join,Tham gia
Join Call,Tham gia cuộc gọi
Join Meeting,Tham gia cuộc họp
Joined at,Đã tham gia tại
"JPG, PNG (Max 5MB)","Hỗ trợ: JPG, PNG (Tối đa 5MB)"
Jump to,Chuyển tới
Keep going,
"Keep going,","Tiếp tục đi,"
Keep practicing! You'll get better! \u{1F4DA},Hãy tiếp tục luyện tập! Bạn sẽ khỏe hơn! \u{1F4DA}
KET / PET / FCE / CAE / CPE,KET / PET / FCE / CAE / CPE
Khi bạn chọn một Khóa học hoặc Bài học,Trợ lý sẽ tự động giới hạn phạm vi kiến thức trong các nội dung liên quan để tránh nhầm lẫn.
Khám phá tri thức qua,Khám phá tri thức
Không thể bắt đầu chấm bài. Vui lòng thử lại.,Không thể bắt đầu bài viết. Vui lòng thử lại.
Không tìm thấy phiên,Không thể tìm thấy phiên bản
Không tìm thấy phiên học nào,Không thể tìm thấy bất kỳ phiên bản học nào
Khởi tạo Chấm MCQ qua Form,Khởi tạo MCQ chấm qua Form
Khởi tạo Chấm MCQ qua Ảnh,Khởi tạo MCQ chấm qua Ảnh
Kiến thức tổng hợp,Tổng hợp kiến ​​thức
Know + Understand,Biết + Hiểu
Knowledge,Kiến thức
Kéo thả hoặc click để upload file,Kéo thả hoặc click để tải lên file
Kết nối trực tiếp với các bài nộp trên hệ thống. Tự động chấm và gửi phản hồi cho sinh viên.,Kết nối trực tiếp với các bài viết trên hệ thống. Tự động chấm và gửi phản hồi cho sinh viên.
Kỷ nguyên giáo dục mới,Giáo dục mới kỷ nguyên
Language,Ngôn ngữ
Language Preference,Tùy chọn ngôn ngữ
Language updated successfully. Reloading...,Đã cập nhật ngôn ngữ thành công. Đang tải lại...
Last Active,Hoạt động lần cuối
Last Name,Họ
Launch AI Process,Khởi chạy Quy trình AI
LAW-208 / Case Analysis / 11 submissions,LAW-208 / Phân tích tình huống / 11 bài nộp
Leaderboard,Bảng xếp hạng
Learn concepts through scaffolded questioning and image-based support.,Học các khái niệm qua phương pháp gợi mở và hỗ trợ bằng hình ảnh.
learned,đã học
Learner,Người học
Learning,Học hỏi
Learning Consistency,Tính nhất quán trong học tập
Learning Hours,Giờ học
Learning Objectives,Mục tiêu học tập
Learning Outcomes,Kết quả học tập
Learning Paths,Lộ trình học tập
Learning Streak,Chuỗi ngày học
Learning through suggestive methods to train thinking.,Học tập qua phương pháp gợi mở để rèn luyện tư duy.
Learning Tips,Mẹo học tập
Left at,Còn lại lúc
Lesson,Bài học
Lesson Completion,Hoàn thành bài học
Lesson created successfully,Bài học được tạo thành công
Lesson deleted successfully,Bài học đã được xóa thành công
Lesson Index,Mục lục bài học
Lesson moved successfully,Bài học đã được chuyển thành công
Lesson Plan,Kế hoạch bài học
Lesson Plan Details,Chi Tiết Giáo Án
Lesson Planning,Kế hoạch bài học
Lesson Progress,Tiến độ bài học
Lesson updated successfully,Bài học được cập nhật thành công
Lessons,Các bài học
lessons,bài học
"Let's start by creating a new lesson plan with RAG Retriever, Illustrator, and professional lecture review.","Hãy bắt đầu bằng cách soạn giáo án mới với RAG Retriever, Illustrator và tính năng duyệt bài giảng chuyên nghiệp."
Let's start the quiz.,Hãy bắt đầu bài kiểm tra.
Level,Mức độ
Limit Questions To,Giới hạn câu hỏi
Linked to Sessions,Đã liên kết với các phiên
LinkedIn,LinkedIn
LinkedIn ID,ID LinkedIn
Listening & Reading / Speaking & Writing,Nghe & Đọc / Nói & Viết
Lists,Danh sách
Literature,Ngữ văn
Live,Đang diễn ra
Live Class,Lớp học trực tiếp
live class,lớp học trực tiếp
live classes,lớp học trực tiếp
Livecode URL,URL mã trực tiếp
Liên hệ Hỗ trợ Kỹ thuật,Kỹ thuật hỗ trợ liên hệ
LMS Learning Support,Hỗ trợ học tập LMS
LMS Quiz created successfully!,Tạo LMS Quiz thành công!
Load More,Tải thêm
Loading documents...,Đang tải tài liệu...
Loading feedback data...,Đang tải dữ liệu phản hồi...
Loading gradebook...,Đang tải sổ điểm...
Loading grades...,Đang tải điểm...
Loading more...,Đang tải thêm...
Loading resources...,Đang tải dữ liệu...
Loading rubric details...,Đang tải chi tiết phiếu tự đánh giá...
Loading...,Đang tải...
Local,Địa phương
Locked,Đã khóa
Log in,Đăng nhập
Log out,Đăng xuất
Login,Đăng nhập
Login to apply,Đăng nhập để áp dụng
Login to Frappe Cloud,Đăng nhập vào đám mây Frappe
Login to Frappe Cloud?,Đăng nhập vào đám mây Frappe?
Logo,Logo
Longest Streak,Vệt dài nhất
Looking for new work or hiring talent?,Đang tìm kiếm công việc mới hoặc tuyển dụng nhân tài?
Low,Thấp
Low Scores (<5),Điểm thấp (<5)
Luck,May mắn
Lý tưởng cho các bài thi định kỳ. Quản lý danh sách học sinh và phê duyệt điểm hàng loạt.,Lý tưởng cho các bài định kỳ. Quản lý danh sách học sinh và phê duyệt hàng loạt.
Lỗi kết nối hoặc Timeout. AI vẫn đang chạy ngầm,vui lòng đợi hoặc nạp lại trang.
Maintain depth of thought.,Duy trì độ sâu tư duy.
Make a study plan for this chapter,Lên kế hoạch học tập cho chương này
Make an Announcement,Thực hiện một thông báo
Make notes for quick revision. Press / for menu.,Ghi chú để sửa đổi nhanh chóng. Nhấn / để vào menu.
Making certain progress.,Đang có tiến bộ nhất định.
Manage AI Question Resource Hub,Quản lý kho tài nguyên đề thi AI
Manage and export your assessment criteria.,Quản lý và xuất tiêu chí đánh giá của bạn.
Manage Badges,Quản lý huy hiệu
Manage Batch,Quản lý lớp
Manage grading workflows from here.,Quản lý quy trình chấm điểm tại đây.
Manage student grades,skills
"Manage student grades, skills, and pending AI submissions","Quản lý điểm, kỹ năng của học sinh và bài nộp AI đang chờ xử lý"
Manage the course,Quản lý khóa học
Manage third party apps,Quản lý ứng dụng bên thứ ba
Manage your apps,Quản lý ứng dụng của bạn
Manage your courses and batches at a glance,Quản lý các khóa học và đợt của bạn trong nháy mắt
Manual Review,Xem xét thủ công
Map valid choices and optional alternate keys.,Ánh xạ các lựa chọn hợp lệ và đáp án thay thế (nếu có).
mapped criteria,tiêu chí đã ánh xạ
Mark,Đánh dấu
Mark all as read,Đánh dấu tất cả là đã đọc
Mark as Complete,Đánh dấu đã hoàn thành
Mark as complete on moving to the next lesson,Đánh dấu hoàn thành khi chuyển sang bài học tiếp theo
Mark as Incomplete,Đánh dấu chưa hoàn thành
Marks,Điểm
Marks out of,Đánh dấu ra khỏi
Marks to Deduct,Điểm cần khấu trừ
Master foundational knowledge.,Nắm vững kiến thức nền tảng.
match,Khớp
matches,trận đấu
Math,Toán học
Max Attempts,Số lần thử tối đa
Max Score,Điểm tối đa
Max Score:,Điểm tối đa:
Maximum Attempts,Số lần thử tối đa
May I help you?,Tôi có thể giúp gì cho bạn?
MCQ Question,Câu hỏi MCQ
Measured against manual checks.,Được đo đối chiếu với chấm tay.
Medium,Trung bình
Member,Thành viên
member,thành viên
Member added to program successfully,Thành viên được thêm vào chương trình thành công
Member already added to program,Thành viên đã được thêm vào chương trình
Member Consent,Sự đồng ý của thành viên
Members,Thành viên
members,thành viên
Memory Match,Ghép hình
Message,Tin nhắn
Message is required,Tin nhắn là bắt buộc
Meta Description,Mô tả Meta
Meta Image,Hình ảnh meta
Meta Keywords,Từ khóa meta
Meta Tags,Thẻ meta
Midterm (30%),Giữa kỳ (30%)
MIDTERM EXAM I — MATH GRADE 12,ĐỀ KIỂM TRA GIỮA KỲ I — TOÁN LỚP 12
Midterm exam: Literature 10,Bài thi Giữa kỳ: Ngữ văn 10
min,phút
Mini Games,Trò chơi nhỏ
minutes,phút
Miss,Trượt
Missing solution set S = {1; 3/2},Thiếu tập nghiệm S = {1; 3/2}
Mixed essay & multiple choice,Hỗ trợ trắc nghiệm kết hợp tự luận
Moderator,Người điều hành
Modified,Đã sửa đổi
Monday,Thứ hai
Monetization,Kiếm tiền
Monitor AI performance and review teacher feedback.,Theo dõi hiệu suất của AI và xem phản hồi từ giáo viên.
Monthly,hàng tháng
More,Hơn
moves,lượt
msgs,tin nhắn
MSGS,Tin nhắn
Multiple Answers,Nhiều đáp án
Multiple Choice,Trắc nghiệm
"Multiple select (JPG, PNG)","Nhiều lựa chọn (JPG, PNG)"
My availability,Tính khả dụng của tôi
My Batches,Lớp học của tôi
My calendar,Lịch của tôi
My Courses,Khóa học của tôi
My Notes,Ghi chú của tôi
My Profile,Hồ sơ của tôi
Mô hình GPT-4o,Model GPT-4o
Mẹo để AI chấm chuẩn nhất,Mẹo để chuẩn AI nhất
Mở phiên,Open version
Name,Tên
Need Improvement (<5),Cần cải thiện (<5)
Need instructor review for edge cases.,Cần giảng viên rà soát các trường hợp biên.
Need review,Cần duyệt
Needs effort to improve performance.,Cần nỗ lực cải thiện hiệu suất.
Needs Grading,Cần chấm điểm
NEEDS IMPROVEMENT,CẦN CẢI THIỆN
Needs review,Cần xem lại
New,Mới
New Batch,lớp mới
New Chat,Cuộc trò chuyện mới
New chat session,Phiên chat mới
New Coupon,Phiếu giảm giá mới
New Course,Khóa học mới
New Email Template,Mẫu email mới
New Job,Công việc mới
New Lesson,Bài học mới
New Payment Gateway,Cổng thanh toán mới
New Question,Câu hỏi mới
New Session,Phiên mới
New Zoom Account,Tài khoản thu phóng mới
New {0},Mới {0}
Next,Kế tiếp
Next step: Ask the Smart Chatbot for a 7-day recovery plan and follow it closely.,Bước tiếp theo: Hỏi Smart Chatbot về kế hoạch phục hồi trong 7 ngày và theo dõi chặt chẽ kế hoạch đó.
Next step: Challenge yourself with advanced questions to sustain momentum.,Bước tiếp theo: Thử thách bản thân bằng các câu hỏi nâng cao để duy trì động lực.
Next step: Complete your next assessment and review feedback right after submission.,Bước tiếp theo: Hoàn thành đánh giá tiếp theo của bạn và xem xét phản hồi ngay sau khi gửi.
Next step: Review one weak topic daily and re-attempt similar questions.,Bước tiếp theo: Xem lại một chủ đề yếu hàng ngày và thử lại các câu hỏi tương tự.
Next Submission,Lần gửi tiếp theo
NGUYEN TRAI HIGH SCHOOL — HCMC,TRƯỜNG THPT NGUYỄN TRÃI — TP.HCM
Nhấn nút Chấm điểm. AI sẽ đưa ra điểm số kèm nhận xét chi tiết. Bạn có thể chỉnh sửa lại điểm nếu cần trước khi lưu.,Click nút Chấm điểm. AI sẽ đưa ra điểm đính kèm nhận xét chi tiết. Bạn có thể chỉnh sửa lại điểm nếu cần trước khi lưu.
Nhập Form Đáp án,Import Form Escape
No announcements,Không có thông báo
No Assessments,Không có đánh giá
No Assignments,Không có bài tập
No badges assigned yet.,Chưa có huy hiệu nào được chỉ định.
No badges available in this category.,Không có huy hiệu nào trong danh mục này.
No badges available yet.,Chưa có huy hiệu nào.
No badges earned yet. Keep learning!,Chưa kiếm được huy hiệu nào. Hãy tiếp tục học hỏi!
No badges earned yet. Start learning to earn your first badge!,Chưa kiếm được huy hiệu nào. Bắt đầu học cách kiếm huy hiệu đầu tiên của bạn!
No badges found,Không tìm thấy huy hiệu
No Classes,Không có lớp học
No competency data available.,Không có dữ liệu năng lực có sẵn.
No coupons created yet.,Chưa có phiếu giảm giá nào được tạo.
No coupons selected for deletion,Không có phiếu giảm giá nào được chọn để xóa
no courses,không có khóa học
No courses added,Không có khóa học nào được thêm vào
No courses added yet.,Chưa có khóa học nào được thêm vào.
No courses available,Không có khóa học nào
No courses created,Chưa có khóa học nào được tạo
No description provided.,Không có mô tả được cung cấp.
No detailed feedback available.,Không có thông tin phản hồi chi tiết có sẵn.
No dissatisfaction feedback yet,Chưa có phản hồi không hài lòng nào
No documents found,Không tìm thấy tài liệu nào
No feedback data available to save.,Không có dữ liệu phản hồi có sẵn để lưu.
No feedback received yet.,Chưa nhận được phản hồi nào.
No games are currently assigned to your batches.,Hiện tại không có trò chơi nào được chỉ định cho nhóm của bạn.
No Games Found,Không tìm thấy trò chơi nào
No grade data available.,Chưa có dữ liệu điểm số.
No grades available yet.,Chưa có điểm nào.
No grading data found for this batch.,Không tìm thấy dữ liệu chấm điểm cho đợt này.
No grading sessions found.,Không tìm thấy phiên chấm điểm nào.
No introduction,Không giới thiệu
No items left,Không còn mặt hàng nào
No leaderboard data available yet.,Chưa có dữ liệu bảng xếp hạng.
No lesson plans created yet,Chưa có giáo án nào được soạn
No lesson plans yet,Chưa có giáo án
No live classes scheduled,Không có lớp học trực tiếp nào được lên lịch
No Live Courses,Không có khóa học đang mở
No matching students found,Không tìm thấy sinh viên phù hợp
No members added yet.,Chưa có thành viên nào được thêm vào.
No members found.,Không tìm thấy thành viên nào.
No Model Configured,Chưa cấu hình model
No Paper Image,Không có hình ảnh giấy
No programs found in this category.,Không tìm thấy chương trình nào trong danh mục này.
No question data available yet.,Chưa có dữ liệu câu hỏi.
No questions added yet,Chưa có câu hỏi nào được thêm vào
No Quiz submissions found,Không tìm thấy bài thi nào
No Quizzes,Không có bài kiểm tra
No quizzes added yet.,Chưa có câu đố nào được thêm vào.
No ranking data available for this period.,Không có dữ liệu xếp hạng có sẵn cho giai đoạn này.
No reason provided,Không có lý do nào được cung cấp
No Recording,Không ghi âm
No results,Không có kết quả
No results found,Không tìm thấy kết quả nào
No rubric selected,Không có phiếu tự đánh giá nào được chọn
No rubrics yet,Chưa có phiếu tự đánh giá
No score data yet. Keep submitting quizzes and assignments to unlock personalized AI insights.,Chưa có dữ liệu điểm số. Tiếp tục gửi câu hỏi và bài tập để mở khóa thông tin chi tiết về AI được cá nhân hóa.
No sessions yet,Chưa có phiên học nào
No slots available for the selected course.,Không có chỗ trống nào cho khóa học đã chọn.
No statistics available for this video.,Không có số liệu thống kê cho video này.
No Students,Không có sinh viên
No students in this batch,Không có học sinh nào trong đợt này
No submission image or criteria attached,Không có ảnh bài làm hoặc tiêu chí đính kèm
No Submissions,Không có bài nộp
No submissions,Không có bài nộp
No template selected,Không có mẫu nào được chọn
No upcoming events,Không có sự kiện sắp tới
No {0},Không có {0}
No.,STT
None,Không có
Not bad! Room for improvement. \u{1F4AA},Không tệ! Phòng để cải thiện. \u{1F4AA}
Not Graded,Không được chấm điểm
Not Passed,Chưa đạt
Not Permitted,Không được phép
Not Saved,Chưa lưu
Notes,Ghi chú
Nothing to see here.,Không có gì để hiển thị ở đây.
Notifications,Thông báo
Notify me when available,Báo cho tôi khi có sẵn
Number of questions,Số câu
Number of seats available,Số chỗ ngồi có sẵn
Number of Students,Số lượng sinh viên
Nâng tầm học tập với,Nâng cấp tầm học tập
Objective,Trắc nghiệm
Objective Grading Pipeline,Quy trình chấm điểm trắc nghiệm
Objectives & Data,Mục tiêu & Dữ liệu
Offline,Ngoại tuyến
ON A 10-POINT SCALE,TRÊN THANG ĐIỂM 10
On site,Trên trang web
"Once the moderator grades your submission, you'll find the details here.","Sau khi người kiểm duyệt chấm điểm bài gửi của bạn, bạn sẽ tìm thấy thông tin chi tiết tại đây."
Online,Trực tuyến
Only administrators,moderators
"Only administrators, moderators, and teachers can change language settings.","Chỉ quản trị viên, người kiểm duyệt và giáo viên mới có thể thay đổi cài đặt ngôn ngữ."
Only one rubric file is allowed for each grading session.,Mỗi phiên chấm điểm chỉ được phép một tệp rubric.
Only zip files are allowed,Chỉ cho phép các tệp zip
Only {0} file is allowed.,Chỉ cho phép tệp {0}.
Open,Mở
Open Details,Mở chi tiết
Open Live Camera,Mở máy ảnh trực tiếp
Open Network,Mạng mở
Open Rubric,Mở rubric
Open sessions,Phiên đang mở
Open Sessions,Phiên mở
Open Submission,Mở bài nộp
Open the,Mở
Open to,Mở cho
Open to Work,Mở cửa làm việc
Open your AI score analytics dashboard with trends and recommendations.,Mở bảng phân tích điểm số AI với các xu hướng và gợi ý học tập.
Optimize AI Response,Tối ưu hóa phản hồi AI
Option,Lựa chọn
Optional,Không bắt buộc
Options,Tùy chọn
Options & Answers,Các lựa chọn & Đáp án
Orange,Cam
Order ID,ID đơn hàng
Original Amount,Số tiền gốc
other,khác
Other Courses,Các khóa học khác
others,khác
Our Popular Courses,Các khóa học phổ biến
Our Upcoming Batches,Các lớp học sắp diễn ra
Outstanding! You're a quiz master! \u{1F3C6},Nổi bật! Bạn là một bậc thầy về câu đố! \u{1F3C6}
Overall Completion,Hoàn thành tổng thể
Overview,Tổng quan
Owner,Người sở hữu
Page deleted successfully,Đã xóa trang thành công
Paid Batch,lớp trả phí
Paid Certificate,Chứng chỉ trả phí
Paid Certificate after Evaluation,Chứng chỉ được trả sau khi đánh giá
Paid Course,Khóa học trả phí
PAN,Mã số thuế (PAN)
PAN Number,Số PAN
Part Time,Bán thời gian
Pass,Vượt qua
Passed,Đã đạt
Passing Percentage,Tỷ lệ đậu
Paste the youtube link of a short video introducing the course,Dán link youtube của một đoạn video ngắn giới thiệu khóa học
Payment,Thanh toán
Payment Details,Chi tiết thanh toán
Payment for,Thanh toán cho
Payment For Certificate,Thanh toán cho chứng chỉ
Payment for Certificate,Thanh toán cho Giấy chứng nhận
Payment For Document,Thanh toán cho tài liệu
Payment For Document Type,Thanh toán cho loại tài liệu
Payment Gateway,Cổng thanh toán
Payment ID,ID thanh toán
Payment Received,Đã nhận được thanh toán
PDF,PDF
"PDF, DOC, DOCX, TXT, RTF, ODT",PDF
"PDF, DOC, DOCX, TXT, RTF, ODT — Max 10MB","PDF, DOC, DOCX, TXT, RTF, ODT — Tối đa 10MB"
Pending,Đang chờ
Pending Teacher Approval,Chờ giáo viên duyệt
People,Mọi người
Percentage,Tỷ lệ phần trăm
Percentage/Status,Tỷ lệ phần trăm/Trạng thái
Perfect! +100 pts \u{1F389},Hoàn hảo! +100 điểm \u{1F389}
Performance Breakdown,Phân tích hiệu suất
Permission Required,Cần có sự cho phép
Persona,nhân cách
Personalized improvement suggestions,Gợi ý cải thiện cá nhân hoá
Phiên chấm bài gần đây,Phiên bản gần đây của bài viết
Phiên Chấm điểm,Chấm điểm
Phone Number,Số điện thoại
Photo / Paper Image,Ảnh chụp bài làm
Physics,Vật lý
Phân tích nội dung,cấu trúc
Phân tích nội dung và đánh giá theo Rubric chuẩn hóa.,Phân tích nội dung và đánh giá theo tiêu chuẩn hóa hóa.
Phê duyệt kết quả AI,Phê duyệt AI kết quả
Phản hồi tức thì,Thì sẽ phản hồi lại
Pick a reusable rubric to apply for this session.,Chọn một phiếu tự đánh giá có thể sử dụng lại để áp dụng cho phần này.
Pick a Slot,Chọn khung giờ
Pink,Hồng
Plan Type,Loại kế hoạch
Play Again,Chơi lại
Play Games,Chơi trò chơi
Play games to earn XP and level up,Chơi trò chơi để kiếm XP và tăng cấp
Please add a zoom account to the batch to create live classes.,Vui lòng thêm tài khoản zoom vào nhóm để tạo lớp học trực tiếp.
Please complete the previous course to unlock this one.,Vui lòng hoàn thành khóa học trước để mở khóa khóa học này.
Please enroll for this course to view this lesson,Vui lòng đăng ký khóa học này để xem bài học này
"Please ensure that the billing name you enter is correct, as it will be used on your invoice.",Hãy đảm bảo rằng tên thanh toán bạn nhập là chính xác vì tên này sẽ được sử dụng trên hóa đơn của bạn.
Please ensure that you complete all the questions in {0} minutes.,Hãy đảm bảo rằng bạn hoàn thành tất cả các câu hỏi trong {0} phút.
Please enter a coupon code,Vui lòng nhập mã phiếu giảm giá
Please enter a student name,Vui lòng nhập tên học sinh
Please enter a title.,Vui lòng nhập tiêu đề.
Please enter a valid time in the format HH:mm.,Vui lòng nhập thời gian hợp lệ ở định dạng HH:mm.
Please enter a valid timestamp,Vui lòng nhập dấu thời gian hợp lệ
Please let us know where you heard about us from.,Hãy cho chúng tôi biết bạn biết đến chúng tôi từ đâu.
Please login to access the quiz.,Vui lòng đăng nhập để truy cập bài kiểm tra.
Please login to access this page.,Vui lòng đăng nhập để truy cập trang này.
Please make sure to schedule your evaluation before this date.,Vui lòng đảm bảo lên lịch đánh giá trước ngày này.
Please provide your consent to proceed with the payment,Vui lòng đồng ý để tiến hành thanh toán
Please provide your consent to proceed with the payment.,Vui lòng cung cấp sự đồng ý của bạn để tiến hành thanh toán.
Please review details in the LMS portal.,Vui lòng xem chi tiết trên hệ thống LMS.
Please run the code to execute the test cases.,Vui lòng chạy mã để thực hiện các trường hợp thử nghiệm.
Please select a Batch above to view courses,Vui lòng chọn Batch ở trên để xem khóa học
Please select a course,Vui lòng chọn một khóa học
Please select a date.,Vui lòng chọn một ngày.
Please select a duration.,Vui lòng chọn thời lượng.
Please select a future date and time.,Vui lòng chọn ngày và giờ trong tương lai.
Please select a member,Vui lòng chọn một thành viên
Please select a payment for the purchased certificate.,Vui lòng chọn thanh toán cho chứng chỉ đã mua.
Please select a quiz,Vui lòng chọn một bài kiểm tra
Please select a slot for your evaluation.,Vui lòng chọn một vị trí để đánh giá của bạn.
Please select a student from the system list.,Vui lòng chọn một sinh viên từ danh sách hệ thống.
Please select a student to enroll.,Vui lòng chọn một sinh viên để đăng ký.
Please select a time.,Vui lòng chọn thời gian.
Please select a timezone.,Vui lòng chọn múi giờ.
Please select an option,Vui lòng chọn một tùy chọn
Please upload a SCORM package,Vui lòng tải lên gói SCORM
Please upload an Excel or CSV file containing the questions.,Vui lòng tải lên tệp Excel hoặc CSV chứa các câu hỏi.
PNG,JPG
"PNG, JPG, WEBP, GIF, BMP, TIFF and more","PNG, JPG, WEBP, GIF, BMP, TIFF và hơn thế nữa"
points,điểm
Points,Điểm số
POINTS TO IMPROVE,ĐIỂM CẦN CẢI THIỆN
Points/question,Điểm/câu
Points: {0},Điểm: {0}
Poor,Nghèo
Possibilities,Khả năng
Possibility,Khả năng
Post,Đăng
"Post it here, our mentors will help you out.","Hãy đăng tại đây, các cố vấn của chúng tôi sẽ hỗ trợ bạn."
Postal Code,Mã bưu chính
Powered by Learning,Được hỗ trợ bởi học tập
Practice more difficult question types.,Luyện tập thêm các dạng bài khó.
Pre-built rubric templates,Mẫu rubric chấm điểm có sẵn
Press Cmd+Enter to post your comment,Nhấn Cmd+Enter để đăng bình luận
Press enter to search,Nhấn enter để tìm kiếm
Prev,Trước
Prevent Skipping Videos,Ngăn chặn bỏ qua video
Preview Rules,Xem trước quy tắc
Preview Video,Xem trước video
Previous,Trước
Pricing,Định giá
Pricing and Certification,Giá cả và chứng nhận
Print,In
Problem Solving & Logic,Giải quyết vấn đề & Logic
Problem Statement,Tuyên bố vấn đề
Proceed to Payment,Tiến hành thanh toán
Processing,Đang xử lý
Processing...,Đang xử lý...
Profile,Hồ sơ
Profile Image,Hình ảnh hồ sơ
Profilee,Hồ sơ
Program,Chương trình
Program created successfully,Chương trình được tạo thành công
Program deleted successfully,Chương trình đã được xóa thành công
Program Member,Thành viên chương trình
Program updated successfully,Chương trình được cập nhật thành công
Programming Exercise,Bài tập lập trình
Programming Exercise created successfully,Bài tập lập trình được tạo thành công
Programming Exercise deleted successfully,Bài tập lập trình đã được xóa thành công
Programming Exercise Progress,Tiến độ bài tập lập trình
Programming Exercise Submission,Nộp bài tập lập trình
Programming Exercise Submissions,Lập trình bài tập nộp
Programming Exercise updated successfully,Bài tập lập trình được cập nhật thành công
Programming exercises,Bài tập lập trình
Programming Exercises,Bài tập lập trình
Programs,Chương trình học
Progress,Tiến triển
Progress (%),Tiến triển (%)
Progress Distribution,Phân phối tiến độ
Progress of students in courses and assessments,Sự tiến bộ của sinh viên trong các khóa học và đánh giá
Progress Summary,Tóm tắt tiến độ
Progress Summary for {0},Tóm tắt tiến độ cho {0}
pts,điểm
Published,Đã xuất bản
Published Courses,Khóa học đã xuất bản
Published On,Đã xuất bản vào ngày
Purchased Certificate,Chứng chỉ đã mua
Purple,Tím
Puzzle,Câu đố
Python,Python
Q&A Support,Hỗ trợ hỏi đáp
"Q2 — Compute roots x₁, x₂","Câu 2 — Tìm đúng nghiệm x₁, x₂"
Q2 — Compute Δ correctly,Câu 2 — Tính đúng Δ
Q2 — Conclusion & solution set,Câu 2 — Kết luận & ghi tập nghiệm
Q3 — Analysis of 3 cases of Δ,Câu 3 — Biện luận 3 trường hợp của Δ
Q3 — Definition and formula of Δ,Câu 3 — Viết được CT tính Δ
quality score,điểm chất lượng
Question,Câu hỏi
Question 2 (3 pts): Solve 2x² − 5x + 3 = 0,Câu 2 (3 điểm): Giải phương trình 2x² − 5x + 3 = 0
Question 3 (2 pts): Analyze the meaning of discriminant Δ,Câu 3 (2 điểm): Phân tích ý nghĩa của biệt thức Δ
Question added successfully,Đã thêm câu hỏi thành công
Question Language,Ngôn ngữ câu hỏi
Question Set Parameters,Thông số bộ đề
Question Set Title,Tiêu đề bộ đề
Question Type Configuration,Cấu hình từng loại câu hỏi
Question updated successfully,Câu hỏi được cập nhật thành công
Question {0},Câu hỏi {0}
Question {0} of {1},Câu hỏi {0} của {1}
question_detail,câu hỏi_chi tiết
Questions,Câu hỏi
Questions deleted successfully,Đã xóa câu hỏi thành công
Queued Submissions,Bài nộp trong hàng đợi
Quick Actions,Thao tác nhanh
Quick class statistics,Thống kê nhanh kết quả của lớp
Quick Grade,Chấm nhanh
Quick keyword search,Tìm kiếm từ khóa nhanh
Quick Tests,Kiểm tra 15-45 phút
Quiz,Bài kiểm tra
Quiz (30%),Câu đố (30%)
Quiz (Bài trắc nghiệm),Quiz (Bài trải nghiệm)
Quiz Avg,Câu đố trung bình
Quiz Complete!,Câu đố hoàn thành!
Quiz created successfully,Đã tạo bài kiểm tra thành công
Quiz List,Danh sách Quizzes
Quiz Progress,Tiến trình bài kiểm tra
Quiz Score,Điểm bài kiểm tra
Quiz Submission,Gửi bài kiểm tra
Quiz Submissions,Bài kiểm tra
Quiz Summary,Tóm tắt câu đố
Quiz updated successfully,Đã cập nhật bài kiểm tra thành công
Quizzes,Bài kiểm tra
Quizzes deleted successfully,Đã xóa câu đố thành công
Quizzes in this video,Câu đố trong video này
Quản lý Rubric,Quản lý Phiếu tự đánh giá
Rank,Thứ hạng
Rate AI Grading,Đánh giá AI chấm bài
rating,điểm đánh giá
Rating,Đánh giá
Read,Đã đọc
Ready for objective evaluation.,Sẵn sàng cho chấm điểm trắc nghiệm.
Reason for Dissatisfaction,Lý do chưa hài lòng
Reason for dissatisfaction...,Lý do chưa hài lòng...
Received,Đã nhận
Recent Assignments,Bài tập gần đây
Recent Badges,Huy hiệu gần đây
Recent Grade Results,Kết quả lớp gần đây
Recent Submissions,Bài gửi gần đây
Recent Templates,Mẫu gần đây
Redemption Count,Số lần quy đổi
Redemptions Count,Số lần quy đổi
Reference Document (RAG),Tài liệu tham khảo để đối chiếu (RAG)
Refresh,Làm mới
Register Now,Đăng ký ngay
Regrade,Chấm lại bài
Related Courses,Các khóa học liên quan
Remedial,Mất gốc / Cơ bản
Remote,Xa
Remove,Di dời
Remove Highlight,Xóa phần đánh dấu
Reply To,Trả lời tới
Reply To is required,Trả lời là bắt buộc
Request sent successfully,Gửi yêu cầu thành công
Reset,Cài lại
Reset the password for your account,Đặt lại mật khẩu cho tài khoản của bạn
Result,Kết quả
Resume Video,Tiếp tục video
Resume where you left off,Tiếp tục nơi bạn đã dừng lại
Return,Trở lại
Review,Ôn tập
Review & New Design,Phản biện & Thiết kế mới
Review class scores,track progress and grading results.
Review difficult topics in short 20-25 minute sessions.,Xem lại các chủ đề khó trong thời gian ngắn 20-25 phút.
Review Flags,Số bài cần xem lại
Review Homework,Chấm bài tập
Review Now,Xem lại ngay
Review Queue,Hàng đợi rà soát
Review the course,Đánh giá khóa học
Reviews,Đánh giá
Revoke,Thu hồi
Role updated successfully,Đã cập nhật vai trò thành công
Roles,Vai trò
Rubric,Tiêu chí chấm điểm (Rubric)
Rubric Builder,Trình tạo phiếu tự đánh giá
Rubric Coverage,Mức độ bao phủ rubric
Rubric deleted,Đã xóa phiếu đánh giá
Rubric Detail,Chi tiết phiếu tự đánh giá
Rubric File,Tệp rubric
Rubric mismatch detected for criterion #4.,Phát hiện lệch rubric ở tiêu chí #4.
Rubric saved successfully,Phiếu tự đánh giá đã được lưu thành công
Rubric Template,Mẫu phiếu tự đánh giá
Run,Chạy
Run Batch,Chạy hàng loạt
Sample Grading Form Image (Optional),Ảnh Form chấm mẫu (Tùy chọn)
Satisaction Rate,Tỉ lệ hài lòng
Satisfaction Rate,Tỷ lệ hài lòng
Satisfied,Hài lòng
Saturday,Thứ bảy
Save,Lưu
Save & Update,Lưu & Cập nhật
Save All,Lưu tất cả
Save Changes,Lưu thay đổi
Save changes,Lưu thay đổi
Save Scores,Lưu điểm
Save Session,Lưu phiên chấm
Save Submission,Lưu lần chấm
saving...,đang lưu...
Saving...,Đang lưu...
SBD,SBD
Scale,Tỉ lệ
Schedule,Lịch trình
Schedule an evaluation to get certified.,Lên lịch một bài đánh giá để nhận chứng chỉ.
Schedule Evaluation,Lên lịch đánh giá
Schedule your evaluation,Lên lịch đánh giá của bạn
Scheduled,Đã lên lịch
School Grade,Tiếng Anh Phổ Thông
Scope,Phạm vi
Score,Điểm
Score Breakdown,Phân tích điểm
Score Dashboard,Bảng điều khiển điểm
Score Distribution,Phân bố điểm số
Score Insights Dashboard,Bảng phân tích điểm số học viên
Score out of,Điểm ra khỏi
Scoreboard & AI Analysis,Bảng điểm & Phân tích AI
Scores updated successfully!,Điểm được cập nhật thành công!
SCORM Package,Gói SCORM
Search,Tìm kiếm
Search by Member,Tìm kiếm theo thành viên
Search by Name,Tìm kiếm theo tên
Search by name,Tìm kiếm theo tên
"Search by name, ID...","Tìm theo tên, SBD..."
Search by Title,Tìm kiếm theo tiêu đề
Search by title,Tìm kiếm theo tiêu đề
Search courses...,Tìm kiếm khóa học...
Search documents...,Tìm kiếm tài liệu...
Search for,Tìm kiếm
Search for a keyword or phrase and press enter,Tìm kiếm từ khóa hoặc cụm từ và nhấn enter
Search for an icon,Tìm kiếm biểu tượng
Search session by ID or name...,Phiên tìm kiếm theo ID hoặc tên...
Search Student,Tìm kiếm sinh viên
Search...,Tìm kiếm...
Seat Count,Số chỗ ngồi
Seat Left,Ghế bên trái
Seats Left,Chỗ ngồi còn lại
See all,Xem tất cả
See how you rank among your peers,Xem cách bạn xếp hạng trong số các đồng nghiệp của bạn
See your ranking,Xem thứ hạng của bạn
Select,Lựa chọn
Select a badge...,Chọn một huy hiệu...
Select a batch you moderate,Chọn một đợt bạn kiểm duyệt
Select a Programming Exercise,Chọn bài tập lập trình
Select a question,Chọn một câu hỏi
Select a quiz,Chọn một bài kiểm tra
Select a session to start learning.,Chọn một phiên học để bắt đầu học.
Select a student from the list to view their results.,Chọn một sinh viên từ danh sách để xem kết quả của họ.
Select an Assignment,Chọn một bài tập
Select Assignment,Chọn bài tập
Select Assignment...,Chọn bài tập...
Select Badge,Chọn huy hiệu
Select Batch,Chọn lớp
Select Batch...,Chọn lớp...
Select Class,Chọn lớp
Select Class...,Chọn lớp...
Select course,Chọn khóa học
Select Course,Chọn Khóa học
Select Course...,Chọn khóa học...
Select Date,Chọn ngày
Select Excel/CSV File,Chọn tệp Excel/CSV
SELECT FROM DEVICE,CHỌN TỪ THIẾT BỊ
Select Game,Chọn trò chơi
Select Learner (Email/Username),Chọn Người học (Email/Tên người dùng)
Select one or more images,Chọn một hoặc nhiều ảnh
Select one rubric document,Chọn một tài liệu rubric
Select Payment Gateway,Chọn Cổng thanh toán
Select Quiz,Chọn bài kiểm tra
Select Quiz...,Chọn câu đố...
Select Student,Chọn sinh viên
Select student from existing system users,Chọn sinh viên từ người dùng hệ thống hiện có
Select Subject,Chọn môn học
Select Subject...,Chọn môn học...
"Select the type of work to grade. AI will recognize, analyze, and suggest scores — you review and approve.","Chọn loại bài thi. AI sẽ nhận diện, phân tích và đề xuất điểm số — bạn chỉ cần duyệt."
Select your preferred language for the interface,Chọn ngôn ngữ ưa thích của bạn cho giao diện
Select...,Lựa chọn...
Selected Images,Ảnh đã chọn
Selected Rubric,Rubric đã chọn
Send,Gửi
Send calendar invite for evaluations,Gửi lịch mời đánh giá
Send Email,Gửi Mail
Send Email to {0},Gửi email tới {0}
Send feedback via email / LMS,Gửi nhận xét qua Email hoặc LMS
Send Notification for Published Batches,Gửi thông báo cho các lớp đã xuất bản
Send Notification for Published Courses,Gửi thông báo về các khóa học đã xuất bản
Sentence,Câu
SEO,SEO
Session / Assignment,Phiên chấm / Bài tập
Session End Time,Thời gian kết thúc phiên
Session ID:,ID Phiên:
Session Info,Thông tin phiên học
Session is missing. Please open a valid workspace URL.,Phiên bị thiếu. Vui lòng mở không gian làm việc hợp lệ URL.
Session Name,Tên phiên chấm
Session Name (Tên phiên),Tên phiên
Session Not Found,Không tìm thấy phiên
Session saved successfully!,Đã lưu phiên chấm thành công!
Session Start Time,Thời gian bắt đầu phiên
Session Statistics,Thống kê phiên chấm
Session-based,Theo Phiên
Set Color,Đặt màu
Set up class information and upload homework for grading.,Nhập lớp vào và upload bài tập.
Set up information and choose a grading session before starting.,Điền thông tin và lựa chọn bài luyện để bắt đầu.
Set up information and upload test papers.,Điền thông số và tải hình bài môn.
Setting up,Đang thiết lập
Setting up payment gateway,Thiết lập cổng thanh toán
Settings,Cài đặt
Share on,Chia sẻ trên
Short Description,Mô tả ngắn
Short description of the batch,Mô tả ngắn gọn về lớp
Short Essay,Tự luận ngắn
Short Introduction,Giới thiệu ngắn gọn
Show Answers,Hiển thị câu trả lời
Show Submission History,Hiển thị lịch sử gửi
Show USD equivalent amount,Hiển thị số tiền tương đương USD
Shuffle Questions,Trộn câu hỏi
Sidebar,Thanh bên
Sign up,Đăng ký
Signup,Đăng ký
Signup Consent HTML,HTML đồng ý đăng ký
Signups,Đăng ký
Signups per day,Đăng ký mỗi ngày
Single Answer,Một đáp án
Skill,Kỹ năng
Skip,Nhảy
Slot added successfully,Đã thêm khe cắm thành công
Slot deleted successfully,Đã xóa khe thành công
Slots,Khung giờ
Smart AI Feedback & Rubric Support,Chấm điểm thông minh & Hỗ trợ rubric
Smart Chatbot,Chatbot thông minh
Smart Essay Grading,Chấm Điểm Tự Luận AI
Smart Multiple Choice Grading,Chấm điểm trắc nghiệm thông minh
Smart search system,Hệ thống tra cứu thông minh
Smart Student Chatbot,Chatbot sinh viên thông minh
Socratic AI,AI Socrates
Socratic AI Tutor,Gia sư AI Socratic
Socratic Method,Phương pháp Socrates
Socratic Suggestion,Gợi ý Socratic
Socratic Tutor,Gia sư Socratic
Sold Out,Bán hết
Solution Question,Câu hỏi giải pháp
Solved {0} out of {1} words,Đã giải quyết được {0} trong tổng số {1} từ
Sort,Sắp xếp
Sort by,Sắp xếp theo
Sort items in the correct order,Sắp xếp các mục theo đúng thứ tự
Source,Nguồn
Source Document,Tài liệu nguồn
Special additional requirements,Yêu cầu bổ sung đặc biệt
Specialized,Chuyên ngành
Speed,Tốc độ
Spin and collect points with luck,Quay và thu thập điểm một cách may mắn
Spin the Wheel,Quay bánh xe
SPIN!,SPIN!
Spinning...,Đang quay...
Spins left: {0},Còn {0} lượt quay
Standard Quiz,Câu đố tiêu chuẩn
Start,Bắt đầu
Start Batch,Bắt đầu lớp chấm
Start Batch Grading,Bắt đầu chấm điểm hàng loạt
Start chatting to receive suggestions,Hãy bắt đầu trò chuyện để nhận gợi ý
Start creating,Bắt đầu tạo
Start creating your first exercise with AI help today.,Bắt đầu tạo bài tập đầu tiên với sự trợ giúp của AI ngay hôm nay.
Start Date,Ngày bắt đầu
Start discussion,Bắt đầu thảo luận
Start Grading,Bắt đầu chấm bài
Start Grading Exams,Bắt đầu chấm thi
Start Learning,Bắt đầu học
Start learning to earn badges!,Bắt đầu học để kiếm huy hiệu!
Start the Quiz,Bắt đầu bài kiểm tra
Start Time,Thời gian bắt đầu
Starter Prompts,Lời nhắc bắt đầu
State/Province,Tiểu bang/Tỉnh
Statistics,Thống kê
Status,Trạng thái
Status/Percentage,Trạng thái/Phần trăm
Step 1 — Compute Δ · 1.0/1.0 ✓,Bước 1 — Tính Δ · 1.0/1.0 ✓
Step 2 — Compute roots · 1.0/1.0 ✓,Bước 2 — Tìm nghiệm · 1.0/1.0 ✓
Step 3 — Conclusion · 0.5/1.0 ~,Bước 3 — Kết luận · 0.5/1.0 ~
Step-by-step for Math · Physics · Chemistry,Chấm điểm theo từng bước Toán - Lý - Hoá
Stop marking,Dừng chấm
streak,chuỗi
Strength: You are passing consistently in most recent evaluations.,Điểm mạnh: Bạn luôn đạt điểm cao trong hầu hết các bài đánh giá gần đây.
Strength: You are still active and generating data for targeted coaching.,Điểm mạnh: Bạn vẫn đang hoạt động và tạo ra dữ liệu cho mục tiêu huấn luyện.
Strength: You show strong understanding across recent assessments.,Điểm mạnh: Bạn thể hiện sự hiểu biết sâu sắc qua các đánh giá gần đây.
Strength: Your participation has started and the system is ready to track your learning progress.,Điểm mạnh: Sự tham gia của bạn đã bắt đầu và hệ thống sẵn sàng theo dõi tiến trình học tập của bạn.
STRENGTHS,ĐIỂM MẠNH
Student,Sinh viên
Student counts per score range,Số lượng học sinh theo khung điểm
Student enrolled successfully,Sinh viên đăng ký thành công
Student ID,Mã học sinh
Student ID / SBD,Số báo danh / ID
Student Name,Tên học sinh
Student Progress,Sự tiến bộ của học sinh
Student Reviews,Nhận xét của sinh viên
Student SBD,Student SBD
Student Score Analytics,Phân tích điểm học sinh
Student submission image,Hình ảnh bài nộp của sinh viên
Student Tools,Công cụ dành cho sinh viên
Student understands Δ computation and roots well. Two errors: (1) missing solution set S in Q2; (2) wrong sign for no-solution condition in Q3. Suggest −0.5 each.,Học sinh hiểu tốt cách tính Δ và nghiệm. Có 2 điểm trừ: (1) thiếu tập kết luận; (2) sai điều kiện vô nghiệm. Đề xuất trừ 0.5đ mỗi lỗi.
Students,Học sinh
students,sinh viên
Students deleted successfully,Học sinh đã được xóa thành công
students struggled with this part,học sinh gặp khó khăn ở phần này
Study Hours,Giờ học
Subject,Chủ thể
Subject is required,Chủ đề là bắt buộc
Submission,Gửi
Submission by,Gửi bởi
Submission History,Lịch sử Bài làm
Submission saved!,Đã lưu bài nộp!
Submission Type,Loại bài nộp
Submissions,bài nộp
Submissions deleted successfully,Đã xóa bài gửi thành công
Submit,Gửi
Submit and Continue,Gửi và tiếp tục
Submit Feedback,Gửi phản hồi
Submit for Review,Gửi để xét duyệt
"Submit your resume to proceed with your application for this position. Upon submission, it will be shared with the job poster.","Gửi sơ yếu lý lịch của bạn để tiếp tục nộp đơn cho vị trí này. Sau khi gửi, nó sẽ được chia sẻ với người đăng việc làm."
Submitted,Đã gửi
Successfully enrolled in program,Đã đăng ký thành công vào chương trình
Successfully saved all progress and scores to the system!,Đã lưu thành công toàn bộ tiến độ và điểm số vào hệ thống!
Suggest me how to do this exercise (no answers given),Gợi ý tớ cách làm bài tập này (không cho đáp án)
Suggested Flow,Quy trình gợi ý
Suggested Questions,Câu hỏi gợi ý
Summary,Bản tóm tắt
Sunday,Chủ nhật
"Supports .doc, .docx, .pdf (Max 10MB)","Hỗ trợ .doc, .docx, .pdf (Tối đa 10MB)"
Supports all image formats and allows multiple files.,Hỗ trợ mọi định dạng ảnh và cho phép nhiều tệp.
"Supports PDF, DOCX, TXT max 20MB","Hỗ trợ PDF, DOCX, TXT tối đa 20MB"
SVG contains potentially unsafe content.,SVG chứa nội dung có thể không an toàn.
Swatches,mẫu màu
Switch between objective and essay workflows instantly.,Chuyển đổi ngay giữa quy trình chấm trắc nghiệm và tự luận.
Sync failed: ,Đồng bộ thất bại: 
Sync LMS,Đồng bộ LMS
Syncing...,Đang đồng bộ...
System Configurations,Cấu hình hệ thống
System is ready,Hệ thống đang sẵn sàng
System is ready.,Hệ thống đã sẵn sàng.
System Quizzes,Danh sách bài kiểm tra hệ thống
Sửa,Chỉnh sửa
Sửa thông tin học sinh,Edit thông tin học sinh
Tags,Thẻ
taken,đã thực hiện
Tap,Vỗ nhẹ
Target Audience,Học sinh mục tiêu
Target Course (LMS Course),Khóa học đích (LMS Course)
Tasks,Nhiệm vụ
Teacher,Giáo viên
Teacher Comments,Giáo viên nhận xét
Teacher Tools,Công cụ dành cho giáo viên
Template,Bản mẫu
Test Cases,Trường hợp thử nghiệm
Test Quiz,Kiểm tra bài kiểm tra
Test this Exercise,Kiểm tra bài tập này
Test {0},Kiểm tra {0}
Text,Chữ
Text Assignments Only,Chỉ hiển thị bài tập tự luận Text
Thank you for providing your feedback.,Cảm ơn bạn đã cung cấp phản hồi của bạn.
The deadline to schedule evaluations has passed. Please contact the Instructor for assistance.,Đã quá hạn lên lịch đánh giá. Vui lòng liên hệ giảng viên để được hỗ trợ.
The first row must be the header with column names like: question,type
The last day to schedule your evaluations is,Ngày cuối cùng để lên lịch đánh giá là
The page will automatically reload after changing the language to apply the changes.,Trang sẽ tự động tải lại sau khi thay đổi ngôn ngữ để áp dụng các thay đổi.
The Socratic method doesn't give direct answers but uses guiding questions to help you find the solution. Think carefully before answering!,Phương pháp Socratic không đưa ra câu trả lời trực tiếp mà dùng các câu hỏi gợi mở để giúp bạn tự tìm ra hướng giải quyết. Hãy suy nghĩ cẩn thận trước khi trả lời nhé!
The system supports automatic scoring for multiple-choice and essay tests.,Hệ thống hỗ trợ chấm điểm tự động cho bài thi trắc nghiệm và tự luận.
The system will clear chat history and regrade this submission. Are you sure?,Hệ thống sẽ xoá lịch sử chat và thực hiện chấm lại bài làm này. Bạn có chắc chắn?
There are no chapters in this course. Create and manage chapters from here.,Không có chương nào trong khóa học này. Tạo và quản lý các chương từ đây.
There are no courses currently. Create your first course to get started!,Hiện chưa có khóa học nào. Hãy tạo khóa học đầu tiên để bắt đầu!
There are no courses currently. Keep an eye out for fresh learning experiences are on the way!,Hiện tại không có khóa học nào. Hãy chú ý đón chờ những trải nghiệm học tập mới đang trên đường đến!
There are no live courses on this site.,Không có khóa học đang mở trên trang này.
There are no quizzes currently. Keep an eye out for fresh learning experiences are on the way!,Hiện tại không có bài kiểm tra nào. Hãy chú ý đón chờ những trải nghiệm học tập mới đang trên đường đến!
There are no slots available on this day.,Không có khung giờ nào khả dụng trong ngày này
There are no students in this batch.,Không có học sinh nào trong đợt này.
There are no submissions for this assignment.,Không có bài nộp cho nhiệm vụ này.
"There are no {0} currently. Keep an eye out, fresh learning experiences are on the way!","Hiện tại chưa có {0}. Hãy theo dõi, những trải nghiệm học tập mới sẽ sớm xuất hiện!"
Thinking,Tư duy
This badge has been awarded to {0} on {1}.,Huy hiệu này đã được trao cho {0} vào {1}.
This badge has not been assigned to any students yet,Huy hiệu này chưa được cấp cho bất kỳ học sinh nào
This class has ended,Lớp học này đã kết thúc
This course has:,Khóa học này có:
This course requires you to complete an evaluation to get certified. Please pick a slot based on your convenience for the evaluations.,Khóa học này yêu cầu bạn hoàn thành bài đánh giá để được cấp chứng chỉ. Vui lòng chọn khung giờ thuận tiện cho bạn để tham gia đánh giá.
This is a separate field from system user account,Đây là một trường riêng biệt với tài khoản người dùng hệ thống
This lesson is locked,Bài học này đã bị khóa
This lesson is not available for preview. As you are the Instructor of the course only you can see it.,"Bài học này không khả dụng để xem trước. Vì bạn là giảng viên của khóa học, chỉ bạn mới có thể xem."
This lesson is not available for preview. Please enroll in the course to access it.,Bài học này không có sẵn để xem trước. Hãy đăng ký khóa học để truy cập nó.
This lesson is not available for preview. Please join the course to access it.,Bài học này không khả dụng để xem trước. Vui lòng tham gia khóa học để truy cập.
This Month,Tháng này
This program consists of {0} courses,Chương trình này bao gồm {0} khóa học
This quiz consists of {0} questions.,Bài kiểm tra này bao gồm {0} câu hỏi.
This site is being updated. You will not be able to make any changes. Full access will be restored shortly.,Trang web này đang được cập nhật. Bạn sẽ không thể thực hiện bất kỳ thay đổi nào. Toàn quyền truy cập sẽ sớm được khôi phục.
This student is already in the current session.,Học sinh này đã tham gia phiên học hiện tại.
This video contains {0} {1}:,Video này chứa {0} {1}:
This Week,Tuần này
This will permanently delete the coupon and the code will no longer be valid.,Điều này sẽ xóa vĩnh viễn phiếu giảm giá và mã sẽ không còn hiệu lực.
Thursday,Thứ năm
Thêm học sinh,Add học sinh
Thư viện mẫu chuẩn hóa,Chuẩn hóa thư viện
Time,Thời gian
Time for a Quiz,Thời gian cho một bài kiểm tra
Time in Video,Thời gian trong video
Time in Video (minutes),Thời gian trong Video (phút)
Time in video exceeds the total duration of the video.,Thời gian trong video vượt quá tổng thời lượng của video.
Time must be in 24 hour format (HH:mm). Example 11:30 or 22:00,Thời gian phải ở định dạng 24 giờ (HH:mm). Ví dụ 11:30 hoặc 22:00
Time Saved,Thời gian tiết kiệm
Time:,Thời gian:
Timed Quiz,Câu đố có tính thời gian
Timed Quiz Challenge,Thử thách đố vui tính giờ
Timezone,Múi giờ
Title,Tiêu đề
Title is required,Tiêu đề là bắt buộc
TIÊU CHÍ CHẤM ĐIỂM,ĐIỂM CHÍ CHÍ TIÊU CHÍ
To,ĐẾN
to close,đóng cửa
To manage your authorized third party apps,Để quản lý các ứng dụng bên thứ ba đã được bạn cấp quyền
to navigate,để điều hướng
to select,để chọn
to view your feedback.,để xem phản hồi của bạn.
Toggle Theme,Chuyển đổi giao diện
Tomosa Intelligence,Tomosa Intelligence
Tone checks and actionable suggestions are validated before publish.,Kiểm tra giọng điệu và đề xuất hành động được xác thực trước khi xuất bản.
Topic / Lesson Name,Chủ đề / Tên bài dạy
Total,Tổng cộng
Total AI Graded,Tổng số bài AI đã chấm
Total Lesson Plans,Tổng giáo án
Total Marks,Tổng số điểm
Total Max Score,Tổng số điểm tối đa
Total Plans,Tổng kế hoạch
Total Quizzes,Tổng Quizzes
Total Results,Tổng kết quả
Total Rubrics,Tổng số phiếu tự đánh giá
Total Score,Tổng số điểm
Total Sessions,Tổng số phiên
Total Students,Tổng số học sinh
Total Submissions,Tổng số bài gửi
TOTAL SUBMISSIONS,TỔNG SỐ BÀI
Track your scores and get AI-powered learning insights.,Theo dõi điểm số của bạn và nhận thông tin chi tiết về học tập được hỗ trợ bởi AI.
Training Feedback,Phản hồi đào tạo
Transaction created successfully,Giao dịch được tạo thành công
Transaction Details,Chi tiết giao dịch
Transaction updated successfully,Giao dịch được cập nhật thành công
Transactions,Giao dịch
True/False,Đúng/Sai
Truy cập bài tập,Truy cập tập tin
"Try a weekly plan: 3 review sessions, 2 practice sessions, and 1 reflection session to track progress.","Hãy thử lập kế hoạch hàng tuần: 3 buổi ôn tập, 2 buổi thực hành và 1 buổi suy ngẫm để theo dõi tiến độ."
Try Again,Thử lại
Try again!,Hãy thử lại!
Tuesday,Thứ ba
Twitter,Twitter
Twitter ID,ID Twitter
two distinct roots,hai nghiệm phân biệt
Type,Kiểu
Type '/' for commands or select text to format,Nhập '/' cho các lệnh hoặc chọn văn bản để định dạng
Type here. Use markdown to format.,Nhập tại đây. Dùng markdown để định dạng.
Type title,Nhập tiêu đề
Type to search student by name/email/username,Nhập để tìm kiếm sinh viên theo tên/email/tên người dùng
Type to search student...,Nhập để tìm kiếm sinh viên...
Type your answer,Nhập câu trả lời của bạn
Type your question...,Nhập câu hỏi của bạn...
Tìm kiếm phiên chấm...,Search point...
Tìm kiếm phiên theo ID hoặc tên...,Tìm kiếm ID phiên bản hoặc tên...
Tính năng xuất điểm đang được phát triển.,Tính năng xuất bản đang được phát triển.
Tùy chỉnh tiêu chí,Tiêu chí tùy chỉnh
Tạo Phiên & Rubric,Tạo Phiên bản & Phiếu tự đánh giá
Tạo và chuẩn hóa các tiêu chí chấm điểm để đảm bảo tính khách quan cho mọi bài làm.,Tạo và chuẩn hóa các tiêu chuẩn chấm điểm để đảm bảo tính toán cho khách hàng trong mọi bài làm.
Tải bài làm của học sinh,Tải bài làm của sinh viên
Tải lên bài làm và rubric để Gia sư AI có đủ dữ liệu hỗ trợ bạn.,Tải lên bài làm và phiếu tự đánh giá để giáo sư AI có đủ dữ liệu hỗ trợ cho bạn.
Tải lên file đề bài hoặc sử dụng AI để tự động tạo tiêu chí chấm điểm (Rubric). Rubric càng chi tiết,AI chấm càng chính xác.
Tải Rubric chấm điểm,Tải Điểm chấm đánh giá
Tải tệp,Tải tệp tin
Tải ảnh bài làm,Tải bài làm
Tất cả lớp,Tất cả các lớp
Tối ưu hóa quy trình giảng dạy.,Giảng dạy quy trình ưu tiên tối ưu.
Tự động cập nhật Gradebook,Tự động cập nhật Sổ Điểm
Tự động nhận diện bài làm từ ảnh chụp hoặc file PDF để chấm điểm tức thì.,Tự động nhận dạng bài làm từ ảnh chụp hoặc tệp PDF để chấm điểm tức thì.
Tự động nhận diện các ô khoanh,đúng/sai và tính điểm chính xác tuyệt đối.
Unable to add student.,Không thể thêm sinh viên.
Unable to open camera. Please allow camera permission.,Không thể mở máy ảnh. Vui lòng cho phép máy ảnh.
Unavailability updated successfully,Không có sẵn được cập nhật thành công
Under Review,Đang chờ duyệt
University,Đại học
University Prep,Ôn Đại học
UnPublished,Chưa xuất bản
Unpublished,Chưa được xuất bản
Unread,Chưa đọc
Unscramble letters to find the hidden word,Sắp xếp lại các chữ cái để tìm từ ẩn
Unsplash,Bapt
Unsplash Access Key,Khóa truy cập Unsplash
Upcoming,Sắp diễn ra
Upcoming Batches,Lớp học sắp diễn ra
Upcoming Evaluations,Đánh giá sắp tới
Upcoming Live Classes,Lớp học trực tiếp sắp tới
Update,Cập nhật
Updated On,Đã cập nhật vào
Updating language preference...,Đang cập nhật tùy chọn ngôn ngữ...
Upload,Tải lên
Upload a file or type content here...,Tải lên một tập tin hoặc gõ nội dung ở đây...
Upload and manage course materials and resources.,Tải lên và quản lý các tài liệu khóa học và nguồn lực.
Upload Answer Key (Word/PDF),Upload Đáp án (Word/PDF)
Upload Assignment,Tải bài tập lên
Upload Document,Tải tài liệu lên
Upload Essay Image,Tải ảnh bài làm
Upload Essay Images,Tải ảnh bài tự luận lên
Upload File,Tải tệp lên
"Upload File (.pdf, .docx, .txt)","Tải File lên (.pdf, .docx, .txt)"
Upload File Đề bài & Đáp án,Tải File Đề bài & Đáp án
Upload Files,Tải tập tin lên
Upload Image,Tải ảnh lên
Upload Question File (Optional),Tải lên tệp câu hỏi (Tùy chọn)
Upload Rubric,Tải Rubric
Upload sample answer sheet image (for better AI recognition),Tải lên ảnh mẫu tờ bài làm (để AI nhận diện tốt hơn)
Upload Scoring Rubric,Tải rubric chấm điểm lên
Upload your first document to get started.,Tải tài liệu đầu tiên của bạn lên để bắt đầu.
Uploading {0}%,Đang tải lên {0}%
Uploading...,Đang tải lên...
URL,URL
Usage Limit,Giới hạn sử dụng
"Use a simple structure: thesis, 2-3 supporting points, and conclusion. Then revise for clarity and grammar.","Sử dụng cấu trúc đơn giản: luận điểm, 2-3 điểm hỗ trợ và kết luận. Sau đó sửa lại cho rõ ràng và ngữ pháp."
Use active recall and self-quizzes after each lesson.,Sử dụng phương pháp gợi nhớ tích cực và tự kiểm tra sau mỗi bài học.
Use HTML,Sử dụng HTML
User,người dùng
Value,Giá trị
Video Statistics for {0},Thống kê video cho {0}
Vietnamese,Tiếng Việt
Vietnamese Standardized Test,Chứng chỉ tiếng Anh VSTEP
View All,Xem tất cả
View all feedback,Xem tất cả phản hồi
View Analytics,Xem phân tích
"View analytics, export results, and monitor grading performance.","Xem phân tích, xuất kết quả và theo dõi hiệu suất chấm điểm."
View Applications,Xem ứng dụng
View Certificate,Xem chứng chỉ
View detailed roadmap,Xem lộ trình chi tiết
View document,Xem tài liệu
View Grade History Log,Xem nhật ký lịch sử điểm
View more question sets,Xem thêm bộ đề
View Resume,Xem sơ yếu lý lịch
Visit Batch,Truy cập hàng loạt
Visit Website,Truy cập trang web
Watch Time,Thời gian xem
Web Page,Trang web
Web page added to sidebar,Trang web được thêm vào thanh bên
Wednesday,Thứ Tư
Week 5 assignment - History,Bài tập tuần 5 - Lịch sử
Weekly,hàng tuần
Weekly progress tracking,Theo dõi tiến bộ hàng tuần
weeks,tuần
Weight,Cân nặng
Weight in Final Grade (%),Trọng số ở lớp cuối cùng (%)
What best describes your role?,Điều gì mô tả đúng nhất vai trò của bạn?
What do you want to find today?,Bạn muốn tìm gì hôm nay?
What does include in preview mean?,Bao gồm trong bản xem trước có nghĩa là gì?
What is your use case for Frappe Learning?,Trường hợp sử dụng Frappe Learning của bạn là gì?
When,Khi
"When Δ = 0, equation has a double root","Khi Δ = 0, phương trình có nghiệm kép"
"When Δ > 0, equation has two distinct real roots","Khi Δ > 0, phương trình có 2 nghiệm phân biệt"
Where did you hear about us?,Bạn đã nghe về chúng tôi ở đâu?
Word,Từ
Word Scramble,Sắp xếp chữ cái
Work Mode,Chế độ làm việc
Workspace,Không gian làm việc
Write a review,Viết đánh giá
Write a Review,Viết đánh giá
Write your answer here,Viết câu trả lời của bạn ở đây
"Wrong sign: wrote ""Δ > 0 no solution"" — should be Δ < 0. −0.5","Sai dấu: viết ""Δ > 0 vô nghiệm"" là sai. Trừ 0.5"
Xuất báo cáo chi tiết,Xuất chi tiết báo cáo
Xây dựng tiêu chí đa tầng,Xây dựng tiêu chuẩn đa tầng
Xóa ảnh này,Xóa hình ảnh này
Yellow,Vàng
You,Bạn
YOU,BẠN
You are already certified for this course. Click on the card below to open your certificate.,Bạn đã được chứng nhận cho khóa học này. Nhấp vào thẻ bên dưới để mở chứng chỉ của bạn.
You are not a member of this batch. Please checkout our upcoming batches.,Bạn không phải là thành viên của đợt này. Vui lòng kiểm tra các đợt sắp tới của chúng tôi.
You are not enrolled in this course. Please enroll to access this lesson.,Bạn không được ghi danh vào khóa học này. Hãy đăng ký để truy cập bài học này.
You are not permitted to access this page.,Bạn không được phép truy cập trang này.
you are on a,bạn đang ở trên một
You can attempt this quiz {0}.,Bạn có thể thử bài kiểm tra này {0}.
You can do better,
"You can do better,","Bạn có thể làm tốt hơn,"
You can only upload {0} files,Bạn chỉ có thể tải lên {0} tệp
You cannot change the availability when the site is being updated.,Bạn không thể thay đổi tính khả dụng khi trang web đang được cập nhật.
You cannot change the roles in read-only mode.,Bạn không thể thay đổi vai trò ở chế độ chỉ đọc.
You do not have permission to access this page.,Bạn không có quyền truy cập trang này.
You do not have permission to change language settings,Bạn không có quyền thay đổi cài đặt ngôn ngữ
You got {0}% correct answers with a score of {1} out of {2},Bạn có {0}% câu trả lời đúng với số điểm {1} trên tổng số {2}
You have already exceeded the maximum number of attempts allowed for this quiz.,Bạn đã vượt quá số lần thử tối đa được phép cho bài kiểm tra này.
You have applied,Bạn đã nộp đơn
You have been enrolled in this batch,Bạn đã được ghi danh vào đợt này
You have been enrolled in this course,Bạn đã được ghi danh vào khóa học này
You have exceeded the maximum number of attempts allowed to appear for evaluations of this course.,Bạn đã vượt quá số lần tối đa được phép tham gia đánh giá của khóa học này.
You have not received any certificates yet.,Bạn chưa nhận được bất kỳ chứng chỉ nào.
You have {0} upcoming {1} and {2} {3} scheduled.,Bạn đã lên lịch {0} {1} và {2} {3} sắp tới.
You have {0} upcoming {1}.,Bạn có {0} sắp tới {1}.
You have {0} {1} scheduled.,Bạn đã lên lịch {0} {1}.
You haven't completed your profile.,Bạn chưa hoàn thiện hồ sơ của mình.
You need to login first to enroll for this course,Bạn cần phải đăng nhập trước để đăng ký khóa học này
You rock,
"You rock,","Bạn đá,"
You will have to complete the quiz to continue the video,Bạn sẽ phải hoàn thành bài kiểm tra để tiếp tục video
You will have to get {0}% correct answers in order to pass the quiz.,Bạn sẽ phải nhận được {0}% câu trả lời đúng để vượt qua bài kiểm tra.
You've successfully submitted the assignment.,Bạn đã gửi bài tập thành công.
Your Badges,Huy hiệu của bạn
Your browser does not support the video tag.,Trình duyệt của bạn không hỗ trợ thẻ video.
Your calendar is set.,Lịch của bạn đã được đặt.
"Your course is currently under review. Once the review is complete, the System Admins will publish it on the website.","Khóa học của bạn hiện đang được xem xét. Khi quá trình xét duyệt hoàn tất, quản trị viên hệ thống sẽ xuất bản khóa học trên website."
Your current score trend needs support and a stronger review plan.,Xu hướng điểm số hiện tại của bạn cần được hỗ trợ và có kế hoạch đánh giá mạnh mẽ hơn.
Your enrollment in {{ batch_name }} is confirmed,Việc đăng ký vào {{ batch_name }} của bạn đã được xác nhận
"Your learning streak counts the number of days in a row youâve kept up your learning, whether itâs a lesson, quiz, or assignment. Donât worry, weekends donât break your streak.","Chuỗi học tập của bạn đếm số ngày liên tiếp mà bạn duy trì được việc học của mình, cho dù đó là một bài học, bài kiểm tra hay bài tập. Đừng lo lắng, những ngày cuối tuần sẽ không làm gián đoạn kỷ lục của bạn."
"Your learning streak counts the number of days in a row you’ve kept up your learning, whether it’s a lesson, quiz, or assignment. Don’t worry, weekends don’t break your streak.","Chuỗi học tập của bạn tính số ngày liên tiếp bạn duy trì việc học, dù là bài học, bài kiểm tra hay bài tập. Đừng lo, cuối tuần không làm gián đoạn chuỗi của bạn."
Your Output,Đầu ra của bạn
Your performance is stable and on track.,Hiệu suất của bạn ổn định và đi đúng hướng.
Your submission for <b>{0}</b> has been graded by AI.,Bài nộp của bạn cho <b>{0}</b> đã được AI chấm điểm.
"Your submission has been successfully saved. The instructor will review and grade it shortly, and you'll be notified of your final result.",Nội dung gửi của bạn đã được lưu thành công. Người hướng dẫn sẽ xem xét và chấm điểm ngay và bạn sẽ được thông báo về kết quả cuối cùng của mình.
Yêu cầu chọn phiên,Phiên bản yêu cầu
Zen Mode,Chế độ Zen
Zoom,Phóng to
Zoom Account,Tài khoản thu phóng
Zoom Account created successfully,Tài khoản Zoom đã được tạo thành công
Zoom Account updated successfully,Tài khoản Zoom được cập nhật thành công
Zoom Accounts,Tài khoản thu phóng
{0} Assignments,{0} Bài tập
{0} Exercises,{0} Bài tập
{0} Quizzes,{0} Câu đố
{0} Submissions,{0} Bài gửi
{0} {1},{0} {1}
{0} {1} Jobs,{0} {1} Việc làm
| MULTI:,| ĐA:
Ánh sáng đủ,tránh đổ bóng của điện thoại lên tờ giấy.
Đang chấm,Chấm dứt
Đang chấm...,Chấm dứt...
Đang chờ kết quả phân tích từ AI...,Đang chờ phân tích kết quả từ AI...
Đã đồng bộ {0} bài nộp mới,Đã đồng bộ {0} bài mới
Đối với trắc nghiệm,hãy khoanh tròn đậm hoặc đánh dấu X rõ ràng vào ô đáp án.
Đồng bộ trực tiếp LMS,LMS trực tiếp đồng bộ
✅ ACCEPT THIS DRAFT,✅ CHẤP NHẬN BẢN NHÁP NÀY
✦ AI CONTENT ANALYSIS,✦ PHÂN TÍCH NỘI DUNG AI
designed as a learning path to guide your progress. You may take the courses in any order that suits you. , được thiết kế như một lộ trình học tập để hướng dẫn sự tiến bộ của bạn. Bạn có thể tham gia các khóa học theo bất kỳ thứ tự nào phù hợp với mình.
" designed as a structured learning path to guide your progress. Courses in this program must be taken in order, and each course will unlock as you complete the previous one. "," được thiết kế như một lộ trình học tập có cấu trúc để hướng dẫn sự tiến bộ của bạn. Các khóa học trong chương trình này phải được thực hiện theo thứ tự và mỗi khóa học sẽ mở khóa khi bạn hoàn thành khóa học trước đó. "
you are on a, bạn đang ở trên một
24/7 Counselling,Tư vấn 24/7
98% Correct,Chính xác 98%
"Dear {{ member_name }},\n\nYou have been enrolled in our upcoming batch {{ batch_name }}.\n\nThanks,\nFrappe Learning","Thân gửi {{ member_name }},\n\nBạn đã được ghi danh vào lớp học sắp tới {{ batch_name }}.\n\nTrân trọng,\nFrappe Learning"
A new era of education,Một kỷ nguyên giáo dục mới
AI Essay Grader Configuration,Cấu hình chấm bài luận bằng AI
AI Essay Grading,Chấm bài luận bằng AI
AI Quiz Scoring,Chấm điểm trắc nghiệm bằng AI
AI personal tutor,Gia sư cá nhân AI
ANALYSIS REPORT ON,BÁO CÁO PHÂN TÍCH VỀ
API Error,Lỗi API
Accuracy,Độ chính xác
Activate,Kích hoạt
Active (visible to students),Hoạt động (hiển thị với học sinh)
Add Student(s),Thêm học sinh
Analysis of learning performance,Phân tích kết quả học tập
Analyze content and evaluate according to Rubric standardization.,Phân tích nội dung và đánh giá theo tiêu chuẩn Rubric.
Answer Photo Dot Mode,Chế độ chấm điểm qua ảnh chụp
Approval marks,Điểm phê duyệt
Approve AI results,Phê duyệt kết quả từ AI
Approved {0} 's post,Đã phê duyệt bài đăng của {0}
Approvered,Đã phê duyệt
Are you sure you want to delete this photo?,Bạn có chắc chắn muốn xóa ảnh này không?
Are you sure you want to delete this session?,Bạn có chắc chắn muốn xóa phiên này không?
Are you sure you want to grade THE ENTIRE work in this session?,Bạn có chắc chắn muốn chấm điểm TOÀN BỘ bài làm trong phiên này không?
Are you sure you want to remove this session?,Bạn có chắc chắn muốn loại bỏ phiên này không?
Are you sure you want to start grading this student?,Bạn có chắc chắn muốn bắt đầu chấm điểm cho học sinh này không?
Artificial intelligence (AI),Trí tuệ nhân tạo (AI)
Automatic Scoring,Chấm điểm tự động
"Automatically create exercises from source documents (PDF, DOCX) with multiple cognitive levels.","Tự động tạo bài tập từ tài liệu nguồn (PDF, DOCX) với nhiều cấp độ nhận thức khác nhau."
"Automatically identify circled boxes, true/false and calculate points with absolute accuracy.","Tự động nhận diện các ô khoanh tròn, đúng/sai và tính điểm với độ chính xác tuyệt đối."
Automatically recognize work from photos or PDFs for instant grading.,Tự động nhận diện bài làm từ ảnh chụp hoặc PDF để chấm điểm tức thì.
Automatically update Gradebook,Tự động cập nhật sổ điểm
Average,Trung bình
BROWSE & SAVE POINTS,XEM & LƯU ĐIỂM
Batch marking in progress...,Đang tiến hành chấm điểm theo lớp...
Batch:,Lớp học:
Best Score,Điểm cao nhất
Browse & Next,Xem & Tiếp theo
By Course,Theo Khóa học
CRITICAL THINKING,TƯ DUY PHẢN BIỆN
Child’s Email,Email của con
Clicking Start will broadcast a notification to all students in this batch via Socket.IO.,Nhấn Bắt đầu sẽ gửi thông báo đến tất cả học sinh trong lớp này thông qua Socket.IO.
Configure AI Grader,Cấu hình bộ chấm điểm AI
Connect directly to the submissions on the system. Automatically mark and send feedback to students.,Kết nối trực tiếp với bài nộp trên hệ thống. Tự động chấm điểm và gửi phản hồi cho học sinh.
"Connection error or Timeout. AI is still running in the background, please wait or reload the page.","Lỗi kết nối hoặc Hết thời gian chờ. AI vẫn đang chạy ngầm, vui lòng đợi hoặc tải lại trang."
Contact Technical Support,Liên hệ Hỗ trợ kỹ thuật
"Correct! +"" + (baseScore + timeBonus) + "" pts \u{2728}","Chính xác! +"" + (baseScore + timeBonus) + "" điểm \u{2728}"
Create & Rubric Session,Tạo phiên chấm điểm & Rubric
Create First Game,Tạo trò chơi đầu tiên
Create Game,Tạo Trò chơi
Create New Game,Tạo Trò chơi mới
Create Rubric with AI,Tạo Rubric bằng AI
Create and standardize scoring criteria to ensure objectivity for all work.,Tạo và tiêu chuẩn hóa các tiêu chí chấm điểm để đảm bảo tính khách quan cho tất cả bài làm.
Create your first game to assign it to batches.,Tạo trò chơi đầu tiên của bạn để giao cho các lớp học.
"Create, edit and delete game templates for your batches","Tạo, chỉnh sửa và xóa các mẫu trò chơi cho lớp học của bạn"
Cumulative,Tích lũy
Customize criteria,Tùy chỉnh tiêu chí
Data has been synced automatically.,Dữ liệu đã được đồng bộ hóa tự động.
Deactivate,Hủy kích hoạt
"Dear {{ member_name }},\n\nYou have been enrolled in our upcoming batch {{ batch_name }}.\n\nThanks,\nFrappe Learning","Thân gửi {{ member_name }},\n\nBạn đã được ghi danh vào lớp học sắp tới {{ batch_name }}.\n\nTrân trọng,\nFrappe Learning"
Delete game,Xóa trò chơi
Delete this image,Xóa hình ảnh này
Delivery Mode,Chế độ giao bài
Detailed Report,Báo cáo chi tiết
Detailed instructions on how to use the artificial intelligence (AI) intelligent scoring system.,Hướng dẫn chi tiết cách sử dụng hệ thống chấm điểm thông minh bằng trí tuệ nhân tạo (AI).
Development of multilevel criteria,Phát triển các tiêu chí đa cấp độ
Dismiss,Bỏ qua
Disposal,Xử lý
Done,Xong
Dot via Camera / Photo,Chấm qua Camera / Ảnh
Dotted,Đã chấm
Dotted...,Đang chấm...
Download Rubric Scoring,Tải Rubric Chấm điểm
Download Template,Tải Mẫu
Download file,Tải tập tin
Download student work,Tải bài làm của học sinh
Draft,Bản nháp
Drag drop or click to upload file,Kéo thả hoặc nhấp để tải tệp lên
Edit Game,Sửa Trò chơi
Edit Game Settings,Cài đặt Trò chơi
Edit Settings,Cài đặt
Edit game,Sửa trò chơi
Embedded,Nhúng
Enter the Answer Form,Nhập Form đáp án
Entire Course,Toàn bộ khóa học
Error saving scores: ,Lỗi khi lưu điểm: 
Essay Grading Guide,Hướng dẫn chấm bài Tự luận
Evaluate Quiz for User,Đánh giá Bài trắc nghiệm
"Example: Focus on chapter 2 knowledge, practical questions...","Ví dụ: Tập trung vào kiến thức chương 2, câu hỏi thực tế..."
Exit Game,Thoát trò chơi
Export score,Xuất điểm
Failed to assign. Please try again.,Lỗi khi giao bài. Vui lòng thử lại.
Failed to create badge assignment: ,Lỗi khi tạo huy hiệu: 
Failed to delete,Lỗi khi xóa
Failed to delete. The game may have active sessions.,Lỗi khi xóa. Trò chơi có thể đang diễn ra.
Failed to open camera,Lỗi mở camera
Failed to start game,Lỗi bắt đầu trò chơi
Failed to start grading. Please try again.,Lỗi khi bắt đầu chấm. Vui lòng thử lại.
Failed to stop game,Lỗi dừng trò chơi
Failed to update,Lỗi khi cập nhật
Failed to update badge assignment: ,Lỗi cập nhật huy hiệu: 
Failed to update settings.,Lỗi cập nhật cài đặt.
Finish Game,Hoàn thành trò chơi
For example: Nguyen Van A,Ví dụ: Nguyễn Văn A
For manual scoring or non-visual custom exam question structures.,Dành cho chấm điểm thủ công hoặc cấu trúc đề thi tùy chỉnh phi hình ảnh.
"For the quiz, circle it in bold or clearly mark it with an X in the answer box.","Đối với câu hỏi trắc nghiệm, hãy khoanh đậm hoặc đánh dấu X rõ ràng vào ô đáp án."
Form Dot Mode,Chế độ Chấm Form
Full Screen,Toàn màn hình
Full name,Họ và tên
Full stop,Dấu chấm hết
GPT-4o model,Mô hình GPT-4o
Game Control,Điều khiển trò chơi
Game Title,Tiêu đề trò chơi
Game Type,Loại trò chơi
Game activated.,Trò chơi đã kích hoạt.
Game assigned to batch successfully!,Giao trò chơi cho lớp thành công!
Game created successfully!,Tạo trò chơi thành công!
Game deactivated.,Trò chơi đã hủy kích hoạt.
Game deleted.,Đã xóa trò chơi.
Game is LIVE,Trò chơi đang LIVE
Game is Live!,Trò chơi đang Live!
Game removed.,Đã gỡ trò chơi.
Game started!,Trò chơi đã bắt đầu!
Game started! Click JOIN to play.,Trò chơi đã bắt đầu! Nhấp JOIN để chơi.
Game stopped.,Đã dừng trò chơi.
Game updated successfully!,Cập nhật trò chơi thành công!
General knowledge,Kiến thức chung
Go to assignment,Đi đến bài tập
Good evidence,Minh chứng tốt
Grading Completed,Đã chấm xong
Grading Essay,Chấm bài Tự luận
Grading LMS Exercises,Chấm bài tập LMS
Grading started (background run). Can do something else.,Đã bắt đầu chấm (chạy ngầm). Bạn có thể làm việc khác.
Guiding correct procedure,Hướng dẫn quy trình đúng
Ideal for periodic exams. Manage student lists and approve grades in bulk.,Lý tưởng cho các kỳ thi định kỳ. Quản lý danh sách học sinh và phê duyệt điểm hàng loạt.
Identification Number (SBD),Số báo danh (SBD)
"If you don\'t have an answer file, enter answers manually (A, B, C...). You should upload a ""Sample Answer Sheet Image"" for better AI recognition.","Nếu không có file đáp án, hãy nhập thủ công (A, B, C...). Nên tải lên ""Ảnh mẫu tờ bài làm"" để AI nhận diện tốt hơn."
Image of the assignment,Hình ảnh bài làm
Inactive,Chưa kích hoạt
Increased capacity,Đã nâng cấp dung lượng
Initialize MCQ Dots via Form,Khởi tạo Chấm MCQ qua Form
Initialize MCQ Dots via Photo,Khởi tạo Chấm MCQ qua Ảnh
Instantaneous Response,Phản hồi tức thì
Instructions for use,Hướng dẫn sử dụng
JOIN,THAM GIA
JSON Template downloaded successfully!,Tải Mẫu JSON thành công!
JSON Validation Error:,Lỗi xác thực JSON:
JSON file uploaded and loaded successfully!,Tải lên và đọc file JSON thành công!
Join Now!,Tham gia Ngay!
Key to Grading,Đáp án chấm điểm
Knowledge Discovery,Khám phá Kiến thức
LMS Direct Sync,Đồng bộ trực tiếp LMS
Learn smarter with AI.,Học tập thông minh hơn với AI.
Let\'s create a new session to start marking with AI,Hãy tạo một phiên mới để bắt đầu chấm bài với AI
"Light enough, avoid the shadow of the phone on the paper.","Đủ sáng, tránh bóng điện thoại in lên giấy."
Limit Reached,Đã đạt giới hạn
Live Now,Trực tiếp
Live Scores,Điểm trực tiếp
Load,Tải
Lobby,Sảnh chờ
MCQ session data is not available.,Không có dữ liệu phiên MCQ.
Manage Game Templates,Quản lý Mẫu trò chơi
Manage Games,Quản lý Trò chơi
Max,Tối đa
Max Attempts:,Số lượt thử tối đa:
Max attempts,Lượt thử tối đa
Maximum base score for this game.,Điểm cơ sở tối đa cho trò chơi này.
Multiple Choice Quotation (MCQ),Trắc nghiệm MCQ
Needs correction,Cần chỉnh sửa
New Game,Trò chơi mới
Next Spin,Lượt quay tiếp
No game templates yet,Chưa có mẫu trò chơi
No scores yet. Students have not played this game.,Chưa có điểm. Chưa học sinh nào chơi trò này.
No scoring sessions yet,Chưa có phiên chấm bài nào
No version found,Không tìm thấy phiên bản
Number of attempts allowed for each student.,Số lượt làm bài tối đa cho mỗi học sinh.
Open a session,Mở một phiên
Open the ,Mở 
Open-mindedness,Tư duy mở
Optimization of the teaching process.,Tối ưu hóa quy trình giảng dạy.
Optimize the MCQ scoring process with computer vision.,Tối ưu hóa quy trình chấm điểm MCQ với thị giác máy tính.
Option ,Lựa chọn 
Other Games,Trò chơi khác
PROPOSED SCORE,ĐIỂM ĐỀ XUẤT
"Partially correct! +"" + pts + "" pts ("" + correctCount + ""/"" + correct.length + ","Partially correct! +"" + pts + "" pts ("" + correctCount + ""/"" + correct.length + "
Payment for ,Thanh toán cho 
Period by Session,Thời gian theo phiên
Personal Best,Thành tích tốt nhất
Personalized feedback,Phản hồi cá nhân hóa
Photo removed,Đã xóa ảnh
Planning,Lập khung
Please enter Student Email,Vui lòng nhập Email Học sinh
Please select class to see results,Vui lòng chọn lớp để xem kết quả
Please upload the student\'s submission image for AI grading.,Vui lòng tải lên ảnh bài làm của học sinh để AI chấm.
Popup Window,Cửa sổ dạng Popup
Press the Scoring button. The AI will give a score with detailed comments. You can edit your score again if needed before saving.,Nhấn nút Chấm điểm. AI sẽ đưa ra điểm số kèm nhận xét chi tiết. Bạn có thể sửa điểm trước khi lưu.
Preview Game,Xem trước Trò chơi
Punctuation Instructions,Hướng dẫn chấm câu
Questions / Card Pairs Data (JSON),Dữ liệu Câu hỏi / Thẻ (JSON)
Quiz assigned successfully!,Giao bài tập thành công!
RESULTS OF INDEPENDENT ANALYSIS,KẾT QUẢ PHÂN TÍCH ĐỘC LẬP
Recent Discussion Sessions,Các Phiên thảo luận gần đây
Recent Grading Sessions,Các Phiên chấm bài gần đây
Reliability,Độ tin cậy
Retrieving,Tìm chuẩn
Revert,Hoàn tác
"Review class scores, track progress and grading results.","Xem lại điểm lớp, theo dõi tiến độ và kết quả chấm."
Rubric Management,Quản lý Rubric
"Rubric-based content, structure, grammar, and creativity analysis.","Phân tích nội dung, cấu trúc, ngữ pháp và sự sáng tạo dựa trên Rubric."
SAVING ...,ĐANG LƯU...
SPIN THE WHEEL!,VÒNG QUAY MAY MẮN!
Save changges,Lưu thay đổi
Scoring Model,Mô hình chấm điểm
Scoring:,Chấm điểm:
Search for ,Tìm kiếm 
Search for a session by ID or name...,Tìm phiên theo ID hoặc tên...
Search sessions,Tìm phiên
See also,Xem thêm
Select batch,Chọn lớp
Select specific class,Chọn lớp cụ thể
Select type...,Chọn loại...
Session,Phiên
Session Requests,Yêu cầu phiên
Settings updated successfully!,Cập nhật cài đặt thành công!
Specific Lessons,Bài học cụ thể
Spins: {0}/5,Lượt quay: {0}/5
Standardized sample library,Thư viện mẫu chuẩn hóa
Start Game for Students,Bắt đầu Trò chơi cho Học sinh
Start Now,Bắt đầu ngay
Start a new journey,Bắt đầu một hành trình mới
Start learning,Bắt đầu học
Start the first lesson or try searching with a different keyword.,Bắt đầu bài học đầu tiên hoặc thử tìm với từ khóa khác.
Started!,Đã bắt đầu!
Start a new session,Khởi tạo phiên mới
Starting...,Đang bắt đầu...
Still struggling?,Vẫn còn khó khăn?
Stop,Dừng
Stop Game,Dừng trò chơi
Stopped.,Đã dừng.
Stopping...,Đang dừng...
Student Information,Thông tin học sinh
Student Search,Tìm kiếm học sinh
"Support: PDF, DOCX (Up to 10MB)","Hỗ trợ: PDF, DOCX (Tối đa 10MB)"
Sync failed: ,Đồng bộ thất bại: 
Synchronization,Đồng bộ
Synchronize submissions from the system,Đồng bộ bài nộp từ hệ thống
TEACHER\'S COMMENTS,NHẬN XÉT CỦA GIÁO VIÊN
Take Photo,Chụp ảnh
Take a photo of your work (handwritten or typed). Make sure it\'s well-lit and not blurry.,Chụp ảnh bài làm của bạn (viết tay hoặc gõ máy). Đảm bảo ảnh đủ sáng và không bị mờ.
"Take a picture of the front, not the side.","Chụp thẳng mặt, không chụp nghiêng."
Take learning to the next level with,Nâng tầm học tập với
"The AI Grading system uses today\'s most advanced large language models (LLMs) for image analysis, handwriting recognition, and grading based on the criteria you provide.","Hệ thống AI Grading sử dụng các mô hình ngôn ngữ lớn (LLMs) tiên tiến nhất để phân tích hình ảnh, nhận dạng chữ viết và chấm điểm theo tiêu chí của bạn."
"The Socratic Tutor system doesn\'t just provide answers, we help you find your own by providing insight and analysis.",Hệ thống Socratic Tutor không đưa đáp án trực tiếp mà giúp bạn tự tìm ra câu trả lời qua các phân tích chuyên sâu.
The export feature is under development.,Tính năng xuất dữ liệu đang được phát triển.
"The first row must be the header with column names like: question, type, marks.","Hàng đầu tiên phải là tiêu đề với các cột như: question, type, marks."
"The handwriting should be clear, avoiding too much overlapping erasure.","Chữ viết nên rõ ràng, tránh tẩy xóa chồng chéo quá nhiều."
The last day to schedule your evaluations is ,Ngày cuối cùng để lên lịch đánh giá của bạn là 
The system integrates the most advanced AI tools to support teachers in teaching and help students unlock their potential.,Hệ thống tích hợp các công cụ AI tiên tiến nhất để hỗ trợ giáo viên và giúp học sinh khai phá tiềm năng.
This cannot be undone.,Hành động này không thể hoàn tác.
This quiz contains open-ended questions. You can configure the AI agent to automatically grade submissions based on your rubric.,Bài tập này có câu hỏi mở. Bạn có thể cấu hình AI để chấm bài tự động dựa trên rubric.
This quiz has no questions yet.,Bài tập này chưa có câu hỏi nào.
This will also remove all batch assignments.,Điều này cũng sẽ gỡ bỏ tất cả các bài tập đã giao cho lớp.
Tips TO get the best grading,Mẹo để chấm điểm tốt nhất
Tomosa AI System,Hệ thống Tomosa AI
Tools for Students,Công cụ cho Học sinh
Trivia Challenge Complete!,Hoàn thành Thử thách Trivia!
Upload Topic & Answer File,Tải lên Đề bài & Đáp án
Upload a photo of your work,Tải lên ảnh bài làm của bạn
"Upload a title file or use AI to automatically create scoring criteria (Rubric). The more detailed the rubric, the more accurate the AI.","Tải lên file đề bài hoặc dùng AI tạo rubric tự động. Rubric càng chi tiết, AI chấm càng chính xác."
Upload assignments and rubrics so AI tutors have enough data to support you.,Tải lên bài tập và rubric để AI Tutor có đủ dữ liệu hỗ trợ bạn.
Wait,Chờ
Waiting for analysis results from AI...,Đang chờ kết quả phân tích từ AI...
Waiting for instructor...,Đang chờ giáo viên...
Wheel of Trivia Challenge,Thử thách Vòng quay Trivia
Work List,Danh sách công việc
Writing,Đang viết
Wrong,Sai
You haven't earned any badges yet. Keep playing!,Bạn chưa đạt huy hiệu nào. Hãy tiếp tục chơi!
You just need to upload a photo or a Word/PDF file with the answer. The AI will automatically read the list of answers from that file to serve as a basis for grading students.,Chỉ cần tải lên ảnh hoặc Word/PDF đáp án. AI sẽ tự động đọc danh sách đáp án để làm căn cứ chấm điểm.
You successfully completed the Wheel of Trivia!,Bạn đã hoàn thành Vòng quay Trivia!
Your class,Lớp của bạn
Your ranking,Thứ hạng của bạn
[Delete],[Xóa]
attempts,lượt thử
attempts used,lượt đã dùng
e.g. 1000,VD: 1000
e.g. Vocabulary Quiz - Chapter 3,VD: Kiểm tra Từ vựng - Chương 3
"e.g., Content quality",VD: Chất lượng nội dung
"e.g., Mathematics, Literature","VD: Toán, Ngữ Văn"
from this batch?,từ lớp này?
images selected,ảnh đã chọn
students have been notified. Game is in progress.,học sinh đã được thông báo. Trò chơi đang diễn ra.
students notified,học sinh đã được thông báo
tries,lượt
{0} new submissions synced,Đã đồng bộ {0} bài nộp mới
 designed as a learning path to guide your progress. You may take the courses in any order that suits you. , được thiết kế như một lộ trình học tập để hướng dẫn bạn. Bạn có thể học các khóa học theo bất kỳ thứ tự nào bạn muốn. 
" designed as a structured learning path to guide your progress. Courses in this program must be taken in order, and each course will unlock as you complete the previous one. ", được thiết kế như một lộ trình học tập có cấu trúc để hướng dẫn bạn. Các khóa học trong chương trình này phải được thực hiện theo thứ tự và mỗi khóa học sẽ mở khóa khi bạn hoàn thành khóa trước đó. 
 you are on a, bạn đang ở
-- Select course --,-- Chọn khóa học --
2. Planning,2. Lập Khung
3. Writing,3. Viết Nháp
4. Review,4. Duyệt Thầy
5. Illustrating,5. Sinh Hình
6. Assessing,6. Đánh Giá
7. Completed,7. Hoàn Tất
Academic Approval Board,Bảng phê duyệt học thuật
Are you sure you want to delete this lesson plan? Data cannot be recovered.,Bạn có chắc chắn muốn xoá giáo án này không? Dữ liệu không thể khôi phục.
Assessing,Đánh giá
Delete lesson plan,Xoá giáo án
Design New AI Lesson Plan,Thiết Kế Giáo Án AI Mới
Detailed lesson plan content,Nội dung chi tiết giáo án
Download document here,Tải xuống tài liệu tại đây
Draft prepared:,Đã soạn xong bản nháp:
Error saving scores: ,Lỗi khi lưu điểm: 
"Example: Add more practical examples in part 2, and make part 1 more detailed...","Ví dụ: Bổ sung thêm ví dụ thực hành ở phần 2, và làm cho phần 1 chi tiết hơn..."
"Example: Focus on group discussion activities, use constructivist methods, or relate to local practicalities...","Ví dụ: Tập trung vào hoạt động thảo luận nhóm, sử dụng phương pháp kiến tạo hoặc liên hệ thực tế Việt Nam..."
Failed to create badge assignment: ,Lỗi khi tạo huy hiệu: 
Failed to update badge assignment: ,Lỗi cập nhật huy hiệu: 
Illustrating,Sinh hình
LESSON PLAN DRAFT FOR YOUR REVIEW (FREELY EDITABLE),BẢN NHÁP GIÁO ÁN ĐỂ BẠN DUYỆT (TỰ DO SỬA ĐỔI)
Lesson plan pushed directly to LMS native!,Đã đẩy trực tiếp giáo án vào LMS native!
Lesson plan successfully exported!,Giáo án đã được xuất file thành công!
Live Multi-Agent Process,Quy trình Multi-Agent live
Markdown Preview (Live view),Markdown Preview (Xem trực tiếp)
Matched standards:,Chuẩn match:
Open the ,Mở 
Option ,Lựa chọn 
Output:,Đầu ra:
"Partially correct! +"" + pts + "" pts ("" + correctCount + ""/"" + correct.length + ","Đúng một phần! +"" + pts + "" điểm ("" + correctCount + ""/"" + correct.length + "
Payment for ,Thanh toán cho 
Querying data...,Đang truy vấn dữ liệu...
REQUEST REWRITE (Based on feedback),YÊU CẦU VIẾT LẠI (Dựa trên phản hồi)
Refresh list,Làm mới danh sách
Save directly to course (LMS native),Lưu trực tiếp vào khóa học (LMS native)
Search for ,Tìm kiếm 
Sync failed: ,Đồng bộ thất bại: 
Target lesson name:,Tên bài học đích:
The last day to schedule your evaluations is ,Ngày cuối cùng để lên lịch đánh giá là 
The lesson plan draft has been thoroughly grounded. Teachers can approve directly or type critical feedback for the Agent to rewrite.,Bản phác thảo giáo án đã được grounded kỹ lưỡng. Giáo viên có thể duyệt trực tiếp hoặc gõ phản hồi phản biện để Agent viết lại.
Uploaded:,Đã tải:
Your feedback (Content to rewrite),Phản hồi của bạn (Nội dung cần viết lại)
Average GPA, Điểm trung bình (GPA)
On a 10-point scale, Trên thang điểm 10
Good performance, Hiệu suất tốt
Excellent work, Kết quả xuất sắc
Needs improvement, Cần cải thiện
Below average, Dưới trung bình
Total submissions, Tổng số bài nộp
Data updated, Dữ liệu đã cập nhật
Submission History, Lịch sử nộp bài
Course & Lesson, Khóa học & Bài học
Points, Điểm số
Time, Thời gian
AI Analysis, Phân tích AI
Strengths, Điểm mạnh
Points to improve, Các điểm cần cải thiện
View detailed roadmap, Xem lộ trình chi tiết
No grade data available., Chưa có dữ liệu điểm số.
System is ready., Hệ thống đã sẵn sàng.
Let's start the quiz., Hãy bắt đầu làm bài kiểm tra.
Excellent learning performance., Kết quả học tập xuất sắc.
Master foundational knowledge., Nắm vững kiến thức nền tảng.
Maintain depth of thought., Duy trì tư duy sâu sắc.
Needs effort to improve performance., Cần nỗ lực để cải thiện kết quả.
Making certain progress., Đang có những tiến bộ nhất định.
Practice more difficult question types., Thực hành thêm các dạng câu hỏi khó hơn.Exam
Generate

" Draft\,\Bản Nháp\n\Processing\,\Đang Xử Lý\n\Completed\,\Hoàn Thành\n\Failed\,\Thất Bại\n"Exam Generator","Tạo Đề Thi AI"
"Generate full, print-ready exam papers with varied formats and answer keys.","Tạo đề thi hoàn chỉnh, hỗ trợ in ấn với nhiều định dạng và đáp án chi tiết."
"Generate print-ready exams with AI","Tạo đề thi hỗ trợ in ấn với AI"
"Create Exam","Tạo Đề Thi"
"Total Exams","Tổng Số Đề Thi"
"Generated Questions","Câu Hỏi Đã Tạo"
"No exams generated yet","Chưa có đề thi nào được tạo"
"Start by uploading a document or providing instructions to generate your first exam.","Bắt đầu bằng cách tải lên tài liệu hoặc nhập yêu cầu để tạo đề thi đầu tiên."
"Create First Exam","Tạo Đề Thi Đầu Tiên"
"questions","câu hỏi"
"View","Xem"
"Create New Exam","Tạo Đề Thi Mới"
"1. Basic Information","1. Thông Tin Cơ Bản"
"Exam Title","Tên Đề Thi"
"e.g., Midterm Exam - Grade 12 Math","VD: Đề thi Giữa kỳ - Toán 12"
"Exam Type","Loại Đề Thi"
"Duration (min)","Thời Gian (phút)"
"2. Content Source","2. Nguồn Nội Dung"
"Upload curriculum, book chapter, or existing syllabus (PDF/DOCX)","Tải lên chương trình học, sách giáo khoa hoặc đề cương (PDF/DOCX)"
"Change File","Đổi Tài Liệu"
"Select File","Chọn Tài Liệu"
"File attached successfully","Đã đính kèm tài liệu thành công"
"Teacher Instructions","Yêu Cầu Của Giáo Viên"
"Specific topics to focus on, formatting requirements, etc.","Các chủ đề cần tập trung, yêu cầu định dạng, v.v."
"3. Generation Settings","3. Cấu Hình Tạo Đề"
"Difficulty Distribution","Phân Bổ Độ Khó"
"Easy (%)","Dễ (%)"
"Medium (%)","Trung Bình (%)"
"Hard (%)","Khó (%)"
"Generate Exam","Tạo Đề Thi"
"AI is generating your exam...","AI đang tạo đề thi của bạn..."
"This may take a few minutes depending on the length of the source material.","Quá trình này có thể mất vài phút tùy thuộc vào độ dài của tài liệu nguồn."
"Generation Failed","Tạo Đề Thi Thất Bại"
"There was an error while generating this exam. Please try again or check the source document.","Đã xảy ra lỗi trong quá trình tạo đề thi. Vui lòng thử lại hoặc kiểm tra tài liệu nguồn."
"Exam Overview","Tổng Quan Đề Thi"
"Sections","Các Phần Thi"
"Q","Câu"
"Câu","Câu"
"Print Preview","Xem Trước Bản In"
"Export DOCX","Xuất DOCX"
"Export PDF","Xuất PDF"
"N/A","N/A"
"Loading Exam...","Đang Tải Đề Thi..."
"DOCX","DOCX"
"Total Questions","Tổng Số Câu Hỏi"
"AI đang viết từng phần thi theo khung đề bạn đã duyệt. Quá trình này mất vài phút, bạn có thể rời khỏi trang và quay lại sau.","AI đang viết từng phần thi theo khung đề bạn đã duyệt. Quá trình này mất vài phút, bạn có thể rời khỏi trang và quay lại sau."
Approve & Generate Exam,Duyệt & Tạo Đề thi
Describe your exact exam format requirements here...,Mô tả chi tiết yêu cầu định dạng đề thi của bạn tại đây...
Exam Format,Định dạng Đề thi
Exam Generator,Tạo Đề Thi Tự Động
Export failed,Xuất file thất bại
Export failed: ,Xuất file thất bại: 
Feedback for AI (Optional),Ý kiến phản hồi cho AI (Không bắt buộc)
"Please review the generated exam structure. You can either approve it to generate the full exam, or provide feedback to let the AI adjust the blueprint.","Vui lòng xem lại cấu trúc đề thi được tạo. Bạn có thể duyệt để tiến hành sinh đề đầy đủ, hoặc gửi phản hồi để AI điều chỉnh khung đề."
Print Preview & Export,Xem trước & Xuất đề thi
Regenerate with Feedback,Tạo lại theo phản hồi
Retry,Thử lại
Review Exam Blueprint,Xem xét Khung đề thi
Difficulty Distribution (%),Phân bố độ khó (%)
Remembering,Nhận biết
Understanding,Thông hiểu
Applying,Vận dụng
Advanced Applying,Vận dụng cao
4. Section Structure (Optional),4. Cấu trúc Phần thi (Tùy chọn)
Specify the number of questions and topics for each section. Leave blank to let AI decide.,Chỉ định rõ số lượng câu hỏi và chủ đề cho từng phần. Bỏ trống nếu muốn AI tự quyết định.
Section Name,Tên phần thi
Number of Questions,Số lượng câu hỏi
"Focus Topics (e.g., Mechanics, Waves...)","Chủ đề tập trung (VD: Sóng cơ, Dao động...)"
Add Section,Thêm Phần Thi
"Please wait, generating exam...",Vui lòng chờ đang tạo bài...
Error generating exam: ,Lỗi tạo đề: 
Generating questions...,Đang sinh câu hỏi...
"AI is writing each exam section based on the approved blueprint. This takes a few minutes, you can leave the page and return later.","AI đang viết từng phần thi theo khung đề bạn đã duyệt. Quá trình này mất vài phút, bạn có thể rời khỏi trang và quay lại sau."
Topic Distribution,Phân bổ chủ đề
Quantity,Số lượng
Question Type,Loại câu hỏi
Starting regeneration...,Đang bắt đầu tạo lại đề...
Error: ,Lỗi: 
Are you sure you want to regenerate this exam?,Bạn có chắc chắn muốn tạo lại đề thi này không?
Are you sure you want to delete this exam? All associated data will be permanently deleted!,Bạn có chắc chắn muốn xóa đề thi này không? Mọi dữ liệu liên quan sẽ bị xóa vĩnh viễn!
Hide Document, Ẩn bài làm
How was this AI response?, Bạn thấy AI phản hồi như thế nào ? 